{
  "3-uaYH0Lr8WR5oJSmpvV_Q": {
    "label_id": "3-uaYH0Lr8WR5oJSmpvV_Q",
    "size": [
      2.1740153628226793,
      4.67332422140013,
      1.7299999999999969
    ],
    "obj_class": "vehicle",
    "point_num_in_lidar": 20,
    "speed": 1.1260298880017002e-27,
    "if_vehicle": true,
    "motion_state": false,
    "pose": [
      [
        0.9920375560037734,
        -0.04313212510801333,
        -0.1183262746042774,
        -126.47425014331854
      ],
      [
        0.04049060409199438,
        0.9988760822468243,
        -0.02463906036156365,
        26.526286691172118
      ],
      [
        0.11925602063764136,
        0.019651770884632647,
        0.9926690331841587,
        -10.605255423322767
      ],
      [
        0.0,
        0.0,
        0.0,
        1.0
      ]
    ],
    "location": [
      -126.47425014331854,
      26.526286691172118,
      -10.605255423322767
    ],
    "rotation": [
      0.019794315669808733,
      -0.11954052169369199,
      0.04079295354150033
    ]
  },
  "nCqTUUNfzB7EgQ2qE5wQiA": {
    "label_id": "nCqTUUNfzB7EgQ2qE5wQiA",
    "size": [
      2.064562156789348,
      4.804121043311283,
      2.1000000000000014
    ],
    "obj_class": "vehicle",
    "point_num_in_lidar": 33,
    "speed": 0.0,
    "if_vehicle": true,
    "motion_state": false,
    "pose": [
      [
        0.9920583984309731,
        0.04877831440267062,
        -0.11593450800605853,
        -64.00986951651042
      ],
      [
        -0.05208657083331086,
        0.9983124001174969,
        -0.025677634440681562,
        30.595447589890682
      ],
      [
        0.11448634521810504,
        0.03151234386200116,
        0.992924895922609,
        -7.697699546148144
      ],
      [
        0.0,
        0.0,
        0.0,
        1.0
      ]
    ],
    "location": [
      -64.00986951651042,
      30.595447589890682,
      -7.697699546148144
    ],
    "rotation": [
      0.031726236618979345,
      -0.11473792973125993,
      -0.052455368497397944
    ]
  },
  "BC2n_d6k_DOlJ903WkXZuA": {
    "label_id": "BC2n_d6k_DOlJ903WkXZuA",
    "size": [
      2.025277056980143,
      4.432891020589381,
      1.7000000000000028
    ],
    "obj_class": "vehicle",
    "point_num_in_lidar": 29,
    "speed": 3.903318086205696e-34,
    "if_vehicle": true,
    "motion_state": false,
    "pose": [
      [
        -0.9923292389187062,
        -0.04059617168259936,
        -0.11676742881359668,
        -126.65396500667471
      ],
      [
        0.04340707951534299,
        -0.9988232858139023,
        -0.021630283490243166,
        35.55862828589852
      ],
      [
        -0.11575192022152439,
        -0.0265328958207828,
        0.9929237122782361,
        -10.73390734712897
      ],
      [
        0.0,
        0.0,
        0.0,
        1.0
      ]
    ],
    "location": [
      -126.65396500667471,
      35.55862828589852,
      -10.73390734712897
    ],
    "rotation": [
      -0.02671563061298666,
      0.11601197506870944,
      3.0978779021968843
    ]
  },
  "NdML4533wYO9FxGozAwrAQ": {
    "label_id": "NdML4533wYO9FxGozAwrAQ",
    "size": [
      2.3203132675688045,
      4.56909080905812,
      1.9799999999999969
    ],
    "obj_class": "vehicle",
    "point_num_in_lidar": 22,
    "speed": 4.506320984160419e-28,
    "if_vehicle": true,
    "motion_state": false,
    "pose": [
      [
        -0.6469079295921685,
        -0.7523873361369835,
        -0.12419109086994852,
        -63.28417785807882
      ],
      [
        0.7599144271857716,
        -0.6496249714678518,
        -0.022747742752043453,
        64.67573125367107
      ],
      [
        -0.06356252029061236,
        -0.10909029684663273,
        0.991997536866004,
        -7.017501640423227
      ],
      [
        0.0,
        0.0,
        0.0,
        1.0
      ]
    ],
    "location": [
      -63.28417785807882,
      64.67573125367107,
      -7.017501640423227
    ],
    "rotation": [
      -0.1095302117512348,
      0.06360539911258907,
      2.2760391134816382
    ]
  },
  "PC_V9S8NElYV_9QT34gc2g": {
    "label_id": "PC_V9S8NElYV_9QT34gc2g",
    "size": [
      2.461588890204489,
      5.387682729878967,
      2.280000000000001
    ],
    "obj_class": "vehicle",
    "point_num_in_lidar": 21,
    "speed": 4.2634877047500867e-13,
    "if_vehicle": true,
    "motion_state": false,
    "pose": [
      [
        -0.9036440966743452,
        0.40988281190376685,
        -0.12419109086994852,
        -63.20416932947326
      ],
      [
        -0.4103793405286234,
        -0.9116311409045759,
        -0.022747742752043453,
        38.19306308070554
      ],
      [
        -0.12254037462362614,
        0.030409594520189136,
        0.991997536866004,
        -7.315707882354168
      ],
      [
        0.0,
        0.0,
        0.0,
        1.0
      ]
    ],
    "location": [
      -63.20416932947326,
      38.19306308070554,
      -7.315707882354168
    ],
    "rotation": [
      0.0306453123330806,
      0.12284914629990579,
      -2.7153026974507237
    ]
  },
  "WC6x-ybikhMpu-vzUtg1IA": {
    "label_id": "WC6x-ybikhMpu-vzUtg1IA",
    "size": [
      2.497272833291582,
      5.335813831501511,
      1.7999999999999972
    ],
    "obj_class": "vehicle",
    "point_num_in_lidar": 26,
    "speed": 1.0577127077727117e-28,
    "if_vehicle": true,
    "motion_state": false,
    "pose": [
      [
        -0.803154489982382,
        0.5827417364643911,
        -0.12391502654483018,
        -69.15081039097082
      ],
      [
        -0.5847866695624381,
        -0.8108613049530569,
        -0.02298902416149009,
        51.649146168454536
      ],
      [
        -0.11387456398692226,
        0.054000117706278127,
        0.9920264971080642,
        -8.167501640423275
      ],
      [
        0.0,
        0.0,
        0.0,
        1.0
      ]
    ],
    "location": [
      -69.15081039097082,
      51.649146168454536,
      -8.167501640423275
    ],
    "rotation": [
      0.054380479747105435,
      0.11412212111787019,
      -2.5122474551219343
    ]
  },
  "Evj1aPfw1GR5aQW7sIxNKA": {
    "label_id": "Evj1aPfw1GR5aQW7sIxNKA",
    "size": [
      1.9552186156156484,
      3.753839003725381,
      1.2999999999999972
    ],
    "obj_class": "vehicle",
    "point_num_in_lidar": 22,
    "speed": 5.067136851525712e-28,
    "if_vehicle": true,
    "motion_state": false,
    "pose": [
      [
        0.4345346784139048,
        0.8925464972979542,
        -0.12058342927980269,
        -67.27687291415491
      ],
      [
        -0.9002597633298751,
        0.4343999893351661,
        -0.028792495460532284,
        -37.33300716980466
      ],
      [
        0.026682799421378713,
        0.12106774726061612,
        0.9922855580871255,
        -5.572312007222358
      ],
      [
        0.0,
        0.0,
        0.0,
        1.0
      ]
    ],
    "location": [
      -67.27687291415491,
      -37.33300716980466,
      -5.572312007222358
    ],
    "rotation": [
      0.12140891269249039,
      -0.026685966669618436,
      -1.121102912705466
    ]
  },
  "LjMWjL11-c4Y1Jw-OA-xpQ": {
    "label_id": "LjMWjL11-c4Y1Jw-OA-xpQ",
    "size": [
      2.024526958523289,
      4.282244344867107,
      1.3699999999999974
    ],
    "obj_class": "vehicle",
    "point_num_in_lidar": 56,
    "speed": 4.504122242392949e-28,
    "if_vehicle": true,
    "motion_state": false,
    "pose": [
      [
        0.01862161282942503,
        0.9909268467918244,
        -0.1331060473563965,
        -47.74230937309707
      ],
      [
        -0.9995672696808364,
        0.021483050590528765,
        0.02009357907697925,
        -29.67356188410531
      ],
      [
        0.02277079090477601,
        0.13267427348411243,
        0.9908980917516361,
        -2.662181897693216
      ],
      [
        0.0,
        0.0,
        0.0,
        1.0
      ]
    ],
    "location": [
      -47.74230937309707,
      -29.67356188410531,
      -2.662181897693216
    ],