{
  "88Yu0kcAtWZ2BvmXXJ91fw": {
    "label_id": "88Yu0kcAtWZ2BvmXXJ91fw",
    "size": [
      2.492515675283542,
      5.6153545926905855,
      2.289999999999999
    ],
    "obj_class": "vehicle",
    "point_num_in_lidar": 10956,
    "speed": 0.09404491701981903,
    "if_vehicle": true,
    "motion_state": false,
    "pose": [
      [
        -0.09104741603979162,
        -0.9958054487636312,
        0.009048549338978607,
        3.6255057126173824
      ],
      [
        0.9958262789846957,
        -0.09098381634037866,
        0.0072088312253131195,
        -14.920820195810393
      ],
      [
        -0.006355321862179726,
        0.00966712867417622,
        0.9999330760142026,
        1.0814893523249154
      ],
      [
        0.0,
        0.0,
        0.0,
        1.0
      ]
    ],
    "location": [
      3.6255057126173824,
      -14.920820195810393,
      1.0814893523249154
    ],
    "rotation": [
      0.009667474494740222,
      0.006355364644988507,
      1.6619718524357872
    ]
  },
  "CH_mXOvE4edy8w1rOMt3Xg": {
    "label_id": "CH_mXOvE4edy8w1rOMt3Xg",
    "size": [
      0.7973496475606687,
      0.08964484686202354,
      0.7867740827726948
    ],
    "obj_class": "sign",
    "point_num_in_lidar": 141,
    "speed": 0.025607949375370618,
    "if_vehicle": false,
    "motion_state": false,
    "pose": [
      [
        0.1551489068827526,
        0.9878496547794845,
        0.009048549338978607,
        5.227580859928821
      ],
      [
        -0.9878745476820457,
        0.1550867847186154,
        0.0072088312253131195,
        -7.611639853984116
      ],
      [
        0.00571793101393919,
        -0.010057273869931752,
        0.9999330760142026,
        2.756722950852712
      ],
      [
        0.0,
        0.0,
        0.0,
        1.0
      ]
    ],
    "location": [
      5.227580859928821,
      -7.611639853984116,
      2.756722950852712
    ],
    "rotation": [
      -0.010057607846742344,
      -0.0057179621721042285,
      -1.4150155757234173
    ]
  },
  "GS-f_3-9m5tpTzs1EqI4-Q": {
    "label_id": "GS-f_3-9m5tpTzs1EqI4-Q",
    "size": [
      0.4850466627916109,
      0.07902573047840633,
      0.20153950352409566
    ],
    "obj_class": "sign",
    "point_num_in_lidar": 37,
    "speed": 0.03162003108510581,
    "if_vehicle": false,
    "motion_state": false,
    "pose": [
      [
        0.1410233016783326,
        0.9899649247011744,
        0.009048549338978607,
        5.202890388064134
      ],
      [
        -0.9899889277532719,
        0.14096083029796513,
        0.0072088312253131195,
        -7.616678038964437
      ],
      [
        0.00586099903333605,
        -0.009974576838453526,
        0.9999330760142026,
        2.2525661577042086
      ],
      [
        0.0,
        0.0,
        0.0,
        1.0
      ]
    ],
    "location": [
      5.202890388064134,
      -7.616678038964437,
      2.2525661577042086
    ],
    "rotation": [
      -0.009974913577422964,
      -0.005861032589353558,
      -1.429298909797363
    ]
  },
  "OinBLW0UfALpTqwdQFfp6g": {
    "label_id": "OinBLW0UfALpTqwdQFfp6g",
    "size": [
      0.8118872121117023,
      0.10779766564128707,
      0.7800000000000011
    ],
    "obj_class": "sign",
    "point_num_in_lidar": 80,
    "speed": 0.00418384690143958,
    "if_vehicle": false,
    "motion_state": false,
    "pose": [
      [
        -0.990467032085601,
        -0.1374524721727513,
        0.009048549338978607,
        -10.770777052313974
      ],
      [
        0.13751914049093558,
        -0.9904728763328147,
        0.0072088312253131195,
        -0.9027260742232102
      ],
      [
        0.007971471017022119,
        0.008384458396328055,
        0.9999330760142026,
        2.682524344809501
      ],
      [
        0.0,
        0.0,
        0.0,
        1.0
      ]
    ],
    "location": [
      -10.770777052313974,
      -0.9027260742232102,
      2.682524344809501
    ],
    "rotation": [
      0.008384823050683414,
      -0.007971555443093921,
      3.0036319217063028
    ]
  },
  "P1ky-Rbaej9JvbPv9kZKYA": {
    "label_id": "P1ky-Rbaej9JvbPv9kZKYA",
    "size": [
      2.3434372294597714,
      5.117642954333817,
      2.809999999999995
    ],
    "obj_class": "vehicle",
    "point_num_in_lidar": 774,
    "speed": 0.03549408500654139,
    "if_vehicle": true,
    "motion_state": false,
    "pose": [
      [
        -0.06252199771702355,
        -0.998002566908689,
        0.009048549338978607,
        3.152565152985403
      ],
      [
        0.9980215691341878,
        -0.062457828134656904,
        0.0072088312253131195,
        -8.491369147450996
      ],
      [
        -0.006629279327792115,
        0.009481357939086985,
        0.9999330760142026,
        1.3683359094672056
      ],
      [
        0.0,
        0.0,
        0.0,
        1.0
      ]
    ],
    "location": [
      3.152565152985403,
      -8.491369147450996,
      1.3683359094672056
    ],
    "rotation": [
      0.00948170835757822,
      0.006629327885289373,
      1.6333605059905782
    ]
  },
  "P5W3PzH21kZDfGzI8M2_Hw": {
    "label_id": "P5W3PzH21kZDfGzI8M2_Hw",
    "size": [
      3.1029766252317983,
      12.442215914863029,
      3.289999999999978
    ],
    "obj_class": "vehicle",
    "point_num_in_lidar": 62,
    "speed": 2.8326156128264377e-28,
    "if_vehicle": true,
    "motion_state": false,
    "pose": [
      [
        -0.9980589105336422,
        0.061616027616678046,
        0.009048549338978607,
        -25.83474257318619
      ],
      [
        -0.06155184081133685,
        -0.9980778545008905,
        0.0072088312253131195,
        9.284364917255516
      ],
      [
        0.009475336254456084,
        0.006637883370470575,
        0.9999330760142026,
        1.7264236508907373
      ],
      [
        0.0,
        0.0,
        0.0,
        1.0
      ]
    ],
    "location": [
      -25.83474257318619,
      9.284364917255516,
      1.7264236508907373
    ],
    "rotation": [
      0.006638230125127072,
      -0.009475478045953546,
      -3.0799991116243186
    ]
  },
  "T3lsRLzCMMSY3Dl_tzxcqw": {
    "label_id": "T3lsRLzCMMSY3Dl_tzxcqw",
    "size": [
      0.8193820258429347,
      0.09376311697755056,
      0.8000000000000043
    ],
    "obj_class": "sign",
    "point_num_in_lidar": 35,
    "speed": 0.002712999044080379,
    "if_vehicle": false,
    "motion_state": false,
    "pose": [
      [
        0.39338389600090545,
        -0.9193297744128647,
        0.009048549338978607,
        -7.705594011467497
      ],
      [
        0.919317859273423,
        0.39344975076024064,
        0.0072088312253131195,
        16.70104799663909
      ],
      [
        -0.010187442666310399,
        0.0054826548948131056,
        0.9999330760142026,
        3.250984225786439
      ],
      [
        0.0,
        0.0,
        0.0,
        1.0
      ]
    ],
    "location": [
      -7.705594011467497,
      16.70104799663909,
      3.250984225786439
    ],
    "rotation": [
      0.005482966895152197,
      0.01018761889011204,
      1.1664647630088487
    ]
  },
  "ZAWh5ebxHQoiaBpI1opOtQ": {
    "label_id": "ZAWh5ebxHQoiaBpI1opOtQ",
    "size": [
      2.3183299357428733,
      5.252203792437462,
      1.9400000000000048
    ],
    "obj_class": "vehicle",
    "point_num_in_lidar": 250,
    "speed": 1.266784212881428e-28,
    "if_vehicle": true,
    "motion_state": false,
    "pose": [
      [
        0.9974317864564819,
        -0.07104896284317518,
        0.009048549338978607,
        -13.749782766254839
      ],
      [
        0.07098495800339455,
        0.997451336401742,
        0.0072088312253131195,
        0.5879687314716193
      ],
      [
        -0.009537667612531305,
        -0.006548006512508295,
        0.9999330760142026,
        0.8586715158246321
      ],
      [
        0.0,
        0.0,
        0.0,
        1.0
      ]
    ],
    "location": [
      -13.749782766254839,
      0.5879687314716193,
      0.8586715158246321
    ],