{
  "7Io_YmMRVa886zefvSMsvg": {
    "label_id": "7Io_YmMRVa886zefvSMsvg",
    "size": [
      1.2341584309528029,
      0.15992659213575383,
      1.1799999999999926
    ],
    "obj_class": "sign",
    "point_num_in_lidar": 396,
    "speed": 0.09342276512643839,
    "if_vehicle": false,
    "motion_state": false,
    "pose": [
      [
        -0.9989332399485369,
        0.0461722679226352,
        -0.0007097892638587963,
        -101.83896078740145
      ],
      [
        -0.046116904128937916,
        -0.9982883508266692,
        -0.03596664784673724,
        9.208705728344285
      ],
      [
        -0.0023692360543106955,
        -0.03589554678019617,
        0.9993527387473702,
        1.372123748476028
      ],
      [
        0.0,
        0.0,
        0.0,
        1.0
      ]
    ],
    "location": [
      -101.83896078740145,
      9.208705728344285,
      1.372123748476028
    ],
    "rotation": [
      -0.03590336057495323,
      0.0023692382708469825,
      -3.095459257558739
    ]
  },
  "LSfERff5rkTE6pdVdSSvnA": {
    "label_id": "LSfERff5rkTE6pdVdSSvnA",
    "size": [
      0.6982709657581709,
      0.09143948005185895,
      0.6799999999999926
    ],
    "obj_class": "sign",
    "point_num_in_lidar": 29,
    "speed": 0.021501195792848468,
    "if_vehicle": false,
    "motion_state": false,
    "pose": [
      [
        -0.9966393180359301,
        -0.08191194018015335,
        -0.0007097892638587963,
        -61.309142522894945
      ],
      [
        0.08188440595509701,
        -0.9959926426957428,
        -0.03596664784673724,
        -1.9167971171764293
      ],
      [
        0.0022391530222347937,
        -0.03590389605423504,
        0.9993527387473702,
        2.5919940547026243
      ],
      [
        0.0,
        0.0,
        0.0,
        1.0
      ]
    ],
    "location": [
      -61.309142522894945,
      -1.9167971171764293,
      2.5919940547026243
    ],
    "rotation": [
      -0.03591170448916637,
      -0.0022391548933522543,
      3.0596162578713475
    ]
  },
  "SOy3uHX6JE14CKbCw5REbg": {
    "label_id": "SOy3uHX6JE14CKbCw5REbg",
    "size": [
      2.5533262966531933,
      5.8420457152920555,
      2.1200000000000045
    ],
    "obj_class": "vehicle",
    "point_num_in_lidar": 528,
    "speed": 6.369790761778425e-28,
    "if_vehicle": true,
    "motion_state": false,
    "pose": [
      [
        -0.6530158462889593,
        0.7573439117697555,
        -0.0007097892638587963,
        -106.53201504214212
      ],
      [
        -0.756837423023969,
        -0.652612837257364,
        -0.03596664784673724,
        27.505421859946182
      ],
      [
        -0.027702339358834937,
        -0.022949595904465124,
        0.9993527387473702,
        1.3021237484761627
      ],
      [
        0.0,
        0.0,
        0.0,
        1.0
      ]
    ],
    "location": [
      -106.53201504214212,
      27.505421859946182,
      1.3021237484761627
    ],
    "rotation": [
      -0.022960424291429783,
      0.027705883802731285,
      -2.282687184344326
    ]
  },
  "XK25JNsL-mX-Vhu131zSnQ": {
    "label_id": "XK25JNsL-mX-Vhu131zSnQ",
    "size": [
      2.192461358851564,
      5.642024327292948,
      2.049999999999997
    ],
    "obj_class": "vehicle",
    "point_num_in_lidar": 41,
    "speed": 4.504122242392949e-28,
    "if_vehicle": true,
    "motion_state": false,
    "pose": [
      [
        0.026175606594655527,
        -0.9996571081218814,
        -0.0007097892638587963,
        -69.87865852280265
      ],
      [
        0.9990099038815978,
        0.026184197317263087,
        -0.03596664784673724,
        59.91262297486901
      ],
      [
        0.03597290043744599,
        0.00023236232030094206,
        0.9993527387473702,
        1.0950334292960804
      ],
      [
        0.0,
        0.0,
        0.0,
        1.0
      ]
    ],
    "location": [
      -69.87865852280265,
      59.91262297486901,
      1.0950334292960804
    ],
    "rotation": [
      0.000232512812647969,
      -0.03598066341154823,
      1.5446007716524726
    ]
  },
  "fz_FNf8krIhEfgo5dILtRQ": {
    "label_id": "fz_FNf8krIhEfgo5dILtRQ",
    "size": [
      2.069543586640064,
      4.870461256220542,
      1.4899999999999949
    ],
    "obj_class": "vehicle",
    "point_num_in_lidar": 192,
    "speed": 4.504122242392949e-28,
    "if_vehicle": true,
    "motion_state": false,
    "pose": [
      [
        -0.87123173780178,
        0.4908714243527438,
        -0.0007097892638587963,
        -86.18616569702226
      ],
      [
        -0.49053170798105505,
        -0.8706807932347295,
        -0.03596664784673724,
        27.173841300705135
      ],
      [
        -0.018272999537007523,
        -0.03098711096651026,
        0.9993527387473702,
        0.9971237484763122
      ],
      [
        0.0,
        0.0,
        0.0,
        1.0
      ]
    ],
    "location": [
      -86.18616569702226,
      27.173841300705135,
      0.9971237484763122
    ],
    "rotation": [
      -0.03099724920607294,
      0.018274016589908144,
      -2.6287988406769465
    ]
  },
  "iIWjEz35aDHOtThAC5IYEg": {
    "label_id": "iIWjEz35aDHOtThAC5IYEg",
    "size": [
      1.029252820288859,
      1.0638948748008552,
      1.0300000000000011
    ],
    "obj_class": "sign",
    "point_num_in_lidar": 140,
    "speed": 4.504122242394198e-28,
    "if_vehicle": false,
    "motion_state": false,
    "pose": [
      [
        -0.998753088261581,
        -0.049917580942542845,
        -0.0007097892638587963,
        -100.46130745305345
      ],
      [
        0.04991079328008368,
        -0.998105862600166,
        -0.03596664784673724,
        9.481275241448202
      ],
      [
        0.00108692322965332,
        -0.03595722675656644,
        0.9993527387473702,
        0.76930797121571
      ],
      [
        0.0,
        0.0,
        0.0,
        1.0
      ]
    ],
    "location": [
      -100.46130745305345,
      9.481275241448202,
      0.76930797121571
    ],
    "rotation": [
      -0.0359650008377169,
      -0.0010869234436689994,
      3.091661085503105
    ]
  },
  "j4ofppxDflfyXs2fOMoKpQ": {
    "label_id": "j4ofppxDflfyXs2fOMoKpQ",
    "size": [
      1.2728674367333181,
      0.15335705776433478,
      1.2600000000000051
    ],
    "obj_class": "sign",
    "point_num_in_lidar": 544,
    "speed": 0.032639351889878064,
    "if_vehicle": false,
    "motion_state": false,
    "pose": [
      [
        -0.9973688120493234,
        0.07249102668966916,
        -0.0007097892638587963,
        -101.15501302312077
      ],
      [
        -0.07241868097193471,
        -0.9967256066184684,
        -0.03596664784673724,
        -3.0366464738381183
      ],
      [
        -0.0033147243635866957,
        -0.03582061083403998,
        0.9993527387473702,
        1.185591190670408
      ],
      [
        0.0,
        0.0,
        0.0,
        1.0
      ]
    ],
    "location": [
      -101.15501302312077,
      -3.0366464738381183,
      1.185591190670408
    ],
    "rotation": [
      -0.03582847251026486,
      0.0033147304336491315,
      -3.069110124321357
    ]
  },
  "kKxovNXJE48b4OaGqwRpFA": {
    "label_id": "kKxovNXJE48b4OaGqwRpFA",
    "size": [
      0.7516695493977086,
      0.08779500518299233,
      0.7099999999999937
    ],
    "obj_class": "sign",
    "point_num_in_lidar": 33,
    "speed": 0.023776671620902894,
    "if_vehicle": false,
    "motion_state": false,
    "pose": [
      [
        0.9857384497078608,
        0.16828310957058026,
        -0.0007097892638587963,
        -85.03847086873338
      ],
      [
        -0.16819943583437544,
        0.9850966196407673,
        -0.03596664784673724,
        21.276874152257733
      ],
      [
        -0.0053533683359943485,
        0.03557309384337368,
        0.9993527387473702,
        2.5313013817941794
      ],
      [
        0.0,
        0.0,
        0.0,
        1.0
      ]
    ],
    "location": [
      -85.03847086873338,
      21.276874152257733,
      2.5313013817941794
    ],