{
  "BUMkYhAQav9kbH1CraE_oA": {
    "label_id": "BUMkYhAQav9kbH1CraE_oA",
    "size": [
      0.8226167862754206,
      0.7142499262422745,
      1.0400000000000027
    ],
    "obj_class": "pedestrian",
    "point_num_in_lidar": 20,
    "speed": 9.008244484785898e-28,
    "if_vehicle": false,
    "motion_state": false,
    "pose": [
      [
        -0.7333118271207653,
        -0.6798732435736398,
        0.005112423834464273,
        -13.763413627619798
      ],
      [
        0.6794939409835773,
        -0.7331186927869638,
        -0.028722229247398604,
        9.388177313796405
      ],
      [
        0.02327548863958991,
        -0.017588489389132846,
        0.9995743577491355,
        1.173190420972638
      ],
      [
        0.0,
        0.0,
        0.0,
        1.0
      ]
    ],
    "location": [
      -13.763413627619798,
      9.388177313796405,
      1.173190420972638
    ],
    "rotation": [
      -0.017594163305120335,
      -0.023277590728435736,
      2.394268993297645
    ]
  },
  "JEq9lO83xo5toHNpV2lgqg": {
    "label_id": "JEq9lO83xo5toHNpV2lgqg",
    "size": [
      0.7294043261132926,
      0.6294133872321779,
      1.0900000000000034
    ],
    "obj_class": "pedestrian",
    "point_num_in_lidar": 43,
    "speed": 0.049430012077055885,
    "if_vehicle": false,
    "motion_state": false,
    "pose": [
      [
        0.673028960646954,
        -0.7395984594717714,
        0.005112423834464273,
        -32.727070873264296
      ],
      [
        0.739401808486713,
        0.6726514693016274,
        -0.028722229247398604,
        23.938415668786547
      ],
      [
        0.017804037100026007,
        0.023111027526793677,
        0.9995743577491355,
        1.5624163127330064
      ],
      [
        0.0,
        0.0,
        0.0,
        1.0
      ]
    ],
    "location": [
      -32.727070873264296,
      23.938415668786547,
      1.5624163127330064
    ],
    "rotation": [
      0.023116750123519627,
      -0.017804977832589917,
      0.8323555493166152
    ]
  },
  "NiTpkPb-7i2Mig5pm-_Fog": {
    "label_id": "NiTpkPb-7i2Mig5pm-_Fog",
    "size": [
      2.463032068770446,
      5.5967134408145585,
      2.580000000000002
    ],
    "obj_class": "vehicle",
    "point_num_in_lidar": 8791,
    "speed": 0.14662686561088065,
    "if_vehicle": true,
    "motion_state": false,
    "pose": [
      [
        0.711372693298694,
        0.7027963818571488,
        0.005112423834464273,
        -40.07778626721762
      ],
      [
        -0.7024111427420088,
        0.7111916901222382,
        -0.028722229247398604,
        53.67569170667775
      ],
      [
        -0.023821792141397166,
        0.01684118610951693,
        0.9995743577491355,
        2.6505939049060956
      ],
      [
        0.0,
        0.0,
        0.0,
        1.0
      ]
    ],
    "location": [
      -40.07778626721762,
      53.67569170667775,
      2.6505939049060956
    ],
    "rotation": [
      0.016846763522054647,
      0.023824045773233264,
      -0.779059549028858
    ]
  },
  "OWrPXT2T359uER50SdcpFg": {
    "label_id": "OWrPXT2T359uER50SdcpFg",
    "size": [
      2.505372621284294,
      5.756218886791956,
      2.5199999999999925
    ],
    "obj_class": "vehicle",
    "point_num_in_lidar": 12550,
    "speed": 0.09196165046733054,
    "if_vehicle": true,
    "motion_state": false,
    "pose": [
      [
        0.7170925950042851,
        0.6969591618685826,
        0.005112423834464273,
        -34.913242226664096
      ],
      [
        -0.6965754148816292,
        0.716908449475626,
        -0.028722229247398604,
        48.530950102878705
      ],
      [
        -0.023683360667492232,
        0.017035309151782356,
        0.9995743577491355,
        2.45837335475278
      ],
      [
        0.0,
        0.0,
        0.0,
        1.0
      ]
    ],
    "location": [
      -34.913242226664096,
      48.530950102878705,
      2.45837335475278
    ],
    "rotation": [
      0.017040913475971226,
      0.02368557523221333,
      -0.7708857463498615
    ]
  },
  "SW5J5z97JmESap1cA0pqaw": {
    "label_id": "SW5J5z97JmESap1cA0pqaw",
    "size": [
      0.8168658651928955,
      1.004741313873034,
      1.8000000000000043
    ],
    "obj_class": "pedestrian",
    "point_num_in_lidar": 299,
    "speed": 0.9537037544097817,
    "if_vehicle": false,
    "motion_state": false,
    "pose": [
      [
        0.6382254182689967,
        0.7698325653009889,
        0.005112423834464273,
        -46.57018979479571
      ],
      [
        -0.7694312854122761,
        0.6380834824502767,
        -0.028722229247398604,
        38.46734879845826
      ],
      [
        -0.02537346062674471,
        0.014397597932514775,
        0.9995743577491355,
        2.3489869351300428
      ],
      [
        0.0,
        0.0,
        0.0,
        1.0
      ]
    ],
    "location": [
      -46.57018979479571,
      38.46734879845826,
      2.3489869351300428
    ],
    "rotation": [
      0.014402732790627646,
      0.02537618404103848,
      -0.8783383447733972
    ]
  },
  "V2LikFvNhViYA90wsd05cg": {
    "label_id": "V2LikFvNhViYA90wsd05cg",
    "size": [
      1.0138103015300939,
      0.13240155450344712,
      0.896812763549697
    ],
    "obj_class": "sign",
    "point_num_in_lidar": 26,
    "speed": 0.019374177773762193,
    "if_vehicle": false,
    "motion_state": false,
    "pose": [
      [
        -0.6785459955708499,
        -0.7345401248518021,
        0.005112423834464273,
        3.1448292977219268
      ],
      [
        0.7341470240144506,
        -0.6783827685590088,
        -0.028722229247398604,
        -8.400542616762323
      ],
      [
        0.024565810092277183,
        -0.015736082896117776,
        0.9995743577491355,
        3.416746860630532
      ],
      [
        0.0,
        0.0,
        0.0,
        1.0
      ]
    ],
    "location": [
      3.1448292977219268,
      -8.400542616762323,
      3.416746860630532
    ],
    "rotation": [
      -0.015741483344510688,
      -0.024568281588698483,
      2.3168566125135612
    ]
  },
  "WO56tb9SlZLXxanokDHwIg": {
    "label_id": "WO56tb9SlZLXxanokDHwIg",
    "size": [
      0.8995177469412299,
      1.444058921715738,
      1.1045811488007296
    ],
    "obj_class": "pedestrian",
    "point_num_in_lidar": 65,
    "speed": 0.6013475269267003,
    "if_vehicle": false,
    "motion_state": false,
    "pose": [
      [
        0.7743679605465151,
        0.632714884289573,
        0.005112423834464273,
        -23.98598254181931
      ],
      [
        -0.6323483933610735,
        0.7741514987137397,
        -0.028722229247398604,
        15.746911538204586
      ],
      [
        -0.022130772528316748,
        0.019008741086753177,
        0.9995743577491355,
        1.356261630809822
      ],
      [
        0.0,
        0.0,
        0.0,
        1.0
      ]
    ],
    "location": [
      -23.98598254181931,
      15.746911538204586,
      1.356261630809822
    ],
    "rotation": [
      0.019014543536370443,
      0.022132579428687738,
      -0.6847808769276368
    ]
  },
  "Wn7qiZhO9SVdW3Ek2xpYjQ": {
    "label_id": "Wn7qiZhO9SVdW3Ek2xpYjQ",
    "size": [
      1.8949477651520958,
      4.497916426909856,
      1.4900000000000055
    ],
    "obj_class": "vehicle",
    "point_num_in_lidar": 742,
    "speed": 0.05657629963052068,
    "if_vehicle": true,
    "motion_state": false,
    "pose": [
      [
        0.7149274656587494,
        0.6991799353308806,
        0.005112423834464273,
        -31.02983422458763
      ],
      [
        -0.6987956190461627,
        0.71474451124087,
        -0.028722229247398604,
        29.967727828192437
      ],
      [
        -0.023736083262575217,
        0.01696177118568147,
        0.9995743577491355,
        1.6420584373103502
      ],
      [
        0.0,
        0.0,
        0.0,
        1.0
      ]
    ],
    "location": [
      -31.02983422458763,
      29.967727828192437,
      1.6420584373103502
    ],