{
  "3CqEyGWB0xc5Rsd5IomQWA": {
    "label_id": "3CqEyGWB0xc5Rsd5IomQWA",
    "size": [
      0.7054134513245329,
      0.08566034664545441,
      0.6000000000000227
    ],
    "obj_class": "sign",
    "point_num_in_lidar": 64,
    "speed": 0.10540132805488647,
    "if_vehicle": false,
    "motion_state": false,
    "pose": [
      [
        0.1357617553730875,
        -0.9904350175096979,
        0.024641872262115054,
        -12.121337943592152
      ],
      [
        0.9907411268013252,
        0.13569773933662121,
        -0.004259483932439803,
        -200.763195004698
      ],
      [
        0.0008748956842174873,
        0.024991991307113683,
        0.9996872685635477,
        2.812747890342507
      ],
      [
        0.0,
        0.0,
        0.0,
        1.0
      ]
    ],
    "location": [
      -12.121337943592152,
      -200.763195004698,
      2.812747890342507
    ],
    "rotation": [
      0.024994603271346602,
      -0.000874895795831243,
      1.4346139783250123
    ]
  },
  "GYY3dcbObgrdt-bDl93RsA": {
    "label_id": "GYY3dcbObgrdt-bDl93RsA",
    "size": [
      0.44046634042394955,
      0.07512784264690708,
      0.4600000000000364
    ],
    "obj_class": "sign",
    "point_num_in_lidar": 33,
    "speed": 0.08797198708857186,
    "if_vehicle": false,
    "motion_state": false,
    "pose": [
      [
        0.15132167508922248,
        -0.9881773771846881,
        0.024641872262115054,
        -12.111305097925651
      ],
      [
        0.9884844554061828,
        0.1512624811940208,
        -0.004259483932439803,
        -200.76457023549665
      ],
      [
        0.0004817349208850444,
        0.025002659926877942,
        0.9996872685635477,
        2.274496489871467
      ],
      [
        0.0,
        0.0,
        0.0,
        1.0
      ]
    ],
    "location": [
      -12.111305097925651,
      -200.76457023549665,
      2.274496489871467
    ],
    "rotation": [
      0.02500526856001765,
      -0.00048173493951763247,
      1.418891100623224
    ]
  },
  "cZwePjnrmB57anuFGkP-eg": {
    "label_id": "cZwePjnrmB57anuFGkP-eg",
    "size": [
      0.45695107068073937,
      0.06757930999447126,
      0.4500000000000455
    ],
    "obj_class": "sign",
    "point_num_in_lidar": 75,
    "speed": 0.10259467595558815,
    "if_vehicle": false,
    "motion_state": false,
    "pose": [
      [
        0.02816598517527348,
        0.9992994823427679,
        0.024641872262115054,
        12.019890690151442
      ],
      [
        -0.999590987138707,
        0.028279236688684994,
        -0.004259483932439803,
        -175.99975627947606
      ],
      [
        -0.004953353426887126,
        -0.024511820858138095,
        0.9996872685635477,
        2.2277478903399697
      ],
      [
        0.0,
        0.0,
        0.0,
        1.0
      ]
    ],
    "location": [
      12.019890690151442,
      -175.99975627947606,
      2.2277478903399697
    ],
    "rotation": [
      -0.024514576895686258,
      0.004953373682784784,
      -1.5426262704904397
    ]
  },
  "rg17MvdNOOgMimfleUcMPQ": {
    "label_id": "rg17MvdNOOgMimfleUcMPQ",
    "size": [
      0.6194424747340368,
      0.0864372385549359,
      0.9199999999999591
    ],
    "obj_class": "sign",
    "point_num_in_lidar": 43,
    "speed": 0.1028012860463687,
    "if_vehicle": false,
    "motion_state": false,
    "pose": [
      [
        0.028165985153430727,
        0.9992994823433835,
        0.024641872262115054,
        12.018650614769285
      ],
      [
        -0.999590987139325,
        0.028279236666835864,
        -0.004259483932439803,
        -175.99711431663854
      ],
      [
        -0.004953353426351345,
        -0.024511820858246366,
        0.9996872685635477,
        2.932747890339215
      ],
      [
        0.0,
        0.0,
        0.0,
        1.0
      ]
    ],
    "location": [
      12.018650614769285,
      -175.99711431663854,
      2.932747890339215
    ],
    "rotation": [
      -0.024514576895794497,
      0.004953373682248996,
      -1.5426262705122915
    ]
  },
  "b0pkCF8rTsxZ2SBeavtLhw": {
    "label_id": "b0pkCF8rTsxZ2SBeavtLhw",
    "size": [
      2.1622736959111926,
      4.5971013684743065,
      1.919999999999959
    ],
    "obj_class": "vehicle",
    "point_num_in_lidar": 38,
    "speed": 1.0247593068766006e-12,
    "if_vehicle": true,
    "motion_state": false,
    "pose": [
      [
        -0.9991618782915853,
        0.029466433654760538,
        0.028412501764205608,
        1.2107874532466667
      ],
      [
        -0.029280467379566424,
        -0.9995471476223111,
        0.00693930184786723,
        155.82659115932802
      ],
      [
        0.02860411157273613,
        0.006101554537268594,
        0.9995721964087252,
        1.2416216603922976
      ],
      [
        0.0,
        0.0,
        0.0,
        1.0
      ]
    ],
    "location": [
      1.2107874532466667,
      155.82659115932802,
      1.2416216603922976
    ],
    "rotation": [
      0.006104090107613261,
      -0.028608013634057895,
      -3.1122960096130936
    ]
  }
}