{
  "0TTUJAOkghTqJ3kT1-uk4g": {
    "label_id": "0TTUJAOkghTqJ3kT1-uk4g",
    "size": [
      2.28704351154105,
      4.8276475017163385,
      1.5600000000000023
    ],
    "obj_class": "vehicle",
    "point_num_in_lidar": 526,
    "speed": 0.05826658808353071,
    "if_vehicle": true,
    "motion_state": false,
    "pose": [
      [
        0.9998245996923981,
        -0.01872195142364352,
        0.0005083156760289399,
        -16.14502839756034
      ],
      [
        0.01872862678842085,
        0.9995770601254107,
        -0.022247233753010437,
        41.61946958646149
      ],
      [
        -9.158905942636476e-05,
        0.02225285163595392,
        0.9997523704425574,
        -0.28661274993501706
      ],
      [
        0.0,
        0.0,
        0.0,
        1.0
      ]
    ],
    "location": [
      -16.14502839756034,
      41.61946958646149,
      -0.28661274993501706
    ],
    "rotation": [
      0.02225468870141355,
      9.158905955441475e-05,
      0.01872972191992623
    ]
  },
  "C06qYvS2D3ctsdIQfPd88g": {
    "label_id": "C06qYvS2D3ctsdIQfPd88g",
    "size": [
      2.1258400922924916,
      4.799342205057069,
      1.75
    ],
    "obj_class": "vehicle",
    "point_num_in_lidar": 509,
    "speed": 0.04979380368121351,
    "if_vehicle": true,
    "motion_state": false,
    "pose": [
      [
        0.9999998708075785,
        -1.9229041091357632e-15,
        0.0005083156760289399,
        -17.84835734188158
      ],
      [
        1.1308619127778246e-05,
        0.9997524996030038,
        -0.022247233753010437,
        37.694298017549954
      ],
      [
        -0.0005081898676972811,
        0.022247236627184815,
        0.9997523704425574,
        -0.2585808974001793
      ],
      [
        0.0,
        0.0,
        0.0,
        1.0
      ]
    ],
    "location": [
      -17.84835734188158,
      37.694298017549954,
      -0.2585808974001793
    ],
    "rotation": [
      0.02224907508233813,
      0.0005081898895712105,
      1.1308620588284257e-05
    ]
  },
  "EH0YitwejPPhshjpOdSLLA": {
    "label_id": "EH0YitwejPPhshjpOdSLLA",
    "size": [
      2.0037203302381403,
      4.245259448762596,
      1.4399999999999977
    ],
    "obj_class": "vehicle",
    "point_num_in_lidar": 499,
    "speed": 0.05459813131400644,
    "if_vehicle": true,
    "motion_state": false,
    "pose": [
      [
        0.9999998708075785,
        -1.185792103600021e-16,
        0.0005083156760289399,
        -16.092997340815145
      ],
      [
        1.1308619125999602e-05,
        0.9997524996030038,
        -0.022247233753010437,
        44.88578594381397
      ],
      [
        -0.0005081898676973213,
        0.02224723662718481,
        0.9997523704425574,
        -0.27287113545224884
      ],
      [
        0.0,
        0.0,
        0.0,
        1.0
      ]
    ],
    "location": [
      -16.092997340815145,
      44.88578594381397,
      -0.27287113545224884
    ],
    "rotation": [
      0.022249075082338126,
      0.0005081898895712506,
      1.1308620586505613e-05
    ]
  },
  "JOJCszo35poBUv2sXBvEmg": {
    "label_id": "JOJCszo35poBUv2sXBvEmg",
    "size": [
      0.692033666574665,
      0.6965462230006415,
      1.25
    ],
    "obj_class": "pedestrian",
    "point_num_in_lidar": 45,
    "speed": 3.802206818760208e-28,
    "if_vehicle": false,
    "motion_state": false,
    "pose": [
      [
        -0.0661716808622001,
        -0.9978081229710674,
        0.0005083156760289399,
        -29.72356331319571
      ],
      [
        0.9975605456314327,
        -0.06616659572516292,
        -0.022247233753010437,
        32.58786931520444
      ],
      [
        0.022232104070226487,
        -0.000965061188838533,
        0.9997523704425574,
        -0.38796940703639393
      ],
      [
        0.0,
        0.0,
        0.0,
        1.0
      ]
    ],
    "location": [
      -29.72356331319571,
      32.58786931520444,
      -0.38796940703639393
    ],
    "rotation": [
      -0.0009652999258826853,
      -0.022233935908223923,
      1.637032789181842
    ]
  },
  "MfFBGlpuMxvaVLmCuq_KHg": {
    "label_id": "MfFBGlpuMxvaVLmCuq_KHg",
    "size": [
      2.079097777969783,
      4.821764774800598,
      2.0
    ],
    "obj_class": "vehicle",
    "point_num_in_lidar": 844,
    "speed": 0.005040789108376184,
    "if_vehicle": true,
    "motion_state": false,
    "pose": [
      [
        0.9999657759495297,
        0.008257635547075188,
        0.0005083156760289399,
        -15.12113452728454
      ],
      [
        -0.008244284611998992,
        0.9997185065615097,
        -0.022247233753010437,
        51.15620540032796
      ],
      [
        -0.0006918821367644062,
        0.02224228166345373,
        0.9997523704425574,
        0.1620305929631627
      ],
      [
        0.0,
        0.0,
        0.0,
        1.0
      ]
    ],
    "location": [
      -15.12113452728454,
      51.15620540032796,
      0.1620305929631627
    ],
    "rotation": [
      0.02224412134377715,
      0.000691882191965184,
      -0.008244379979766939
    ]
  },
  "SBu-nqQx6dSzud7GDxeaMg": {
    "label_id": "SBu-nqQx6dSzud7GDxeaMg",
    "size": [
      2.089303728047525,
      4.607007212172799,
      1.5800000000000125
    ],
    "obj_class": "vehicle",
    "point_num_in_lidar": 243,
    "speed": 0.004744390548139497,
    "if_vehicle": true,
    "motion_state": false,
    "pose": [
      [
        0.9999998708075785,
        -1.185792103600021e-16,
        0.0005083156760289399,
        -22.51276573328238
      ],
      [
        1.1308619125999602e-05,
        0.9997524996030038,
        -0.022247233753010437,
        44.54549318841964
      ],
      [
        -0.0005081898676973213,
        0.02224723662718481,
        0.9997523704425574,
        -0.2429694070364974
      ],
      [
        0.0,
        0.0,
        0.0,
        1.0
      ]
    ],
    "location": [
      -22.51276573328238,
      44.54549318841964,
      -0.2429694070364974
    ],
    "rotation": [
      0.022249075082338126,
      0.0005081898895712506,
      1.1308620586505613e-05
    ]
  },
  "T029RyK_YRfegBz4vxVzTA": {
    "label_id": "T029RyK_YRfegBz4vxVzTA",
    "size": [
      0.4345810574450274,
      0.07242949621070238,
      0.6800000000000068
    ],
    "obj_class": "sign",
    "point_num_in_lidar": 42,
    "speed": 0.015421046386965708,
    "if_vehicle": false,
    "motion_state": false,
    "pose": [
      [
        0.9999998708075785,
        -1.185792103600021e-16,
        0.0005083156760289399,
        -22.07757035643823
      ],
      [
        1.1308619125999602e-05,
        0.9997524996030038,
        -0.022247233753010437,
        32.73700783541426
      ],
      [
        -0.0005081898676973213,
        0.02224723662718481,
        0.9997523704425574,
        1.3914191025993148
      ],
      [
        0.0,
        0.0,
        0.0,
        1.0
      ]
    ],
    "location": [
      -22.07757035643823,
      32.73700783541426,
      1.3914191025993148
    ],
    "rotation": [
      0.022249075082338126,
      0.0005081898895712506,
      1.1308620586505613e-05
    ]
  },
  "VwktFOlpSbn6bFT5_0tZdA": {
    "label_id": "VwktFOlpSbn6bFT5_0tZdA",
    "size": [
      2.058998268865249,
      4.741440509841366,
      1.7700000000000102
    ],
    "obj_class": "vehicle",
    "point_num_in_lidar": 27,
    "speed": 0.023498952746795053,
    "if_vehicle": true,
    "motion_state": false,
    "pose": [
      [
        0.9999998708075785,
        -1.9229041091357632e-15,
        0.0005083156760289399,
        -36.15656716444539
      ],
      [
        1.1308619127778246e-05,
        0.9997524996030038,
        -0.022247233753010437,
        37.817749751258816
      ],
      [
        -0.0005081898676972811,
        0.022247236627184815,
        0.9997523704425574,
        -0.31148716523267694
      ],
      [
        0.0,
        0.0,
        0.0,
        1.0
      ]
    ],