{
  "AEN52j0QjCp4DpcB-GvkpQ": {
    "label_id": "AEN52j0QjCp4DpcB-GvkpQ",
    "size": [
      0.5936682808511697,
      0.11867356970242335,
      0.7052380400734553
    ],
    "obj_class": "sign",
    "point_num_in_lidar": 21,
    "speed": 0.0020148047873280945,
    "if_vehicle": false,
    "motion_state": false,
    "pose": [
      [
        0.9954138731967692,
        -0.09449070721323087,
        0.014924050983222862,
        -102.70018181172964
      ],
      [
        0.09442486151309779,
        0.9955191404545798,
        0.005058311655770591,
        144.7480942441057
      ],
      [
        -0.015335141852577039,
        -0.0036259121498017377,
        0.9998758353842957,
        1.18463129920476
      ],
      [
        0.0,
        0.0,
        0.0,
        1.0
      ]
    ],
    "location": [
      -102.70018181172964,
      144.7480942441057,
      1.18463129920476
    ],
    "rotation": [
      -0.00362634651965798,
      0.015335742968324996,
      0.09457689828972284
    ]
  },
  "AKE7eOA5USPiUnCev9KARg": {
    "label_id": "AKE7eOA5USPiUnCev9KARg",
    "size": [
      0.6221409115479111,
      0.0651573019821576,
      0.5999999999999996
    ],
    "obj_class": "sign",
    "point_num_in_lidar": 33,
    "speed": 0.01514496141321302,
    "if_vehicle": false,
    "motion_state": false,
    "pose": [
      [
        -0.3988569301514477,
        -0.9168917176921239,
        0.014924050983222862,
        -88.66002917172045
      ],
      [
        0.9170122257488991,
        -0.3988270192831012,
        0.005058311655770591,
        137.70348674656202
      ],
      [
        0.0013141907065862197,
        0.015703079868085185,
        0.9998758353842957,
        2.5352788379789555
      ],
      [
        0.0,
        0.0,
        0.0,
        1.0
      ]
    ],
    "location": [
      -88.66002917172045,
      137.70348674656202,
      2.5352788379789555
    ],
    "rotation": [
      0.01570373886358964,
      -0.0013141910848756982,
      1.981066695939
    ]
  },
  "F9FUcVQYNCEwutjovcCwqw": {
    "label_id": "F9FUcVQYNCEwutjovcCwqw",
    "size": [
      0.7508438588343732,
      0.121545521829909,
      0.7299999999999986
    ],
    "obj_class": "sign",
    "point_num_in_lidar": 32,
    "speed": 0.017804425895829156,
    "if_vehicle": false,
    "motion_state": false,
    "pose": [
      [
        0.2709668014573303,
        0.9624729945355527,
        0.014924050983222862,
        -62.57133144889576
      ],
      [
        -0.9625883395653845,
        0.2709208408667544,
        0.005058311655770591,
        165.45814486861354
      ],
      [
        0.0008252519251105609,
        -0.015736351985668123,
        0.9998758353842957,
        0.6836114798948927
      ],
      [
        0.0,
        0.0,
        0.0,
        1.0
      ]
    ],
    "location": [
      -62.57133144889576,
      165.45814486861354,
      0.6836114798948927
    ],
    "rotation": [
      -0.015737006890016024,
      -0.0008252520187822866,
      -1.2963989647519722
    ]
  },
  "rSr2nlegGIgnE40IyOa11g": {
    "label_id": "rSr2nlegGIgnE40IyOa11g",
    "size": [
      0.6982772704601036,
      0.07583749113649342,
      0.7899999999999991
    ],
    "obj_class": "sign",
    "point_num_in_lidar": 53,
    "speed": 0.009596410256895158,
    "if_vehicle": false,
    "motion_state": false,
    "pose": [
      [
        -0.39885693015337,
        -0.9168917176912876,
        0.014924050983222862,
        -88.65827425874522
      ],
      [
        0.917012225748063,
        -0.39882701928502373,
        0.005058311655770591,
        137.69891263961426
      ],
      [
        0.0013141907066191421,
        0.015703079868082427,
        0.9998758353842957,
        3.250278837978957
      ],
      [
        0.0,
        0.0,
        0.0,
        1.0
      ]
    ],
    "location": [
      -88.65827425874522,
      137.69891263961426,
      3.250278837978957
    ],
    "rotation": [
      0.01570373886358688,
      -0.0013141910849086206,
      1.981066695941096
    ]
  },
  "L3P3ut9dh42bTITD96wEOw": {
    "label_id": "L3P3ut9dh42bTITD96wEOw",
    "size": [
      2.8631838675043166,
      14.094796505769377,
      4.589999999999998
    ],
    "obj_class": "vehicle",
    "point_num_in_lidar": 302,
    "speed": 7.105427357601002e-14,
    "if_vehicle": true,
    "motion_state": false,
    "pose": [
      [
        0.8587439641361646,
        -0.5123268223407791,
        0.008946014190980562,
        -33.08579734009436
      ],
      [
        0.5122945009916142,
        0.8587904813982647,
        0.005766568606155179,
        7.838177615712539
      ],
      [
        -0.010637119603469483,
        -0.00036901210848057,
        0.99994335615404,
        2.0508665026724877
      ],
      [
        0.0,
        0.0,
        0.0,
        1.0
      ]
    ],
    "location": [
      -33.08579734009436,
      7.838177615712539,
      2.0508665026724877
    ],
    "rotation": [
      -0.00036903299517735495,
      0.010637320209041031,
      0.5378881402884117
    ]
  },
  "W1xotH3PDL4kwISHESTm9A": {
    "label_id": "W1xotH3PDL4kwISHESTm9A",
    "size": [
      0.8448070112845655,
      0.173560207915898,
      1.0200000000000031
    ],
    "obj_class": "sign",
    "point_num_in_lidar": 24,
    "speed": 0.003493245427173426,
    "if_vehicle": false,
    "motion_state": false,
    "pose": [
      [
        -0.2696281140258614,
        -0.9625787758074968,
        -0.027253999555989845,
        46.16036217997225
      ],
      [
        0.962961382861459,
        -0.26944690166809254,
        -0.010185396360078827,
        -109.28723462719108
      ],
      [
        0.002460740620973778,
        -0.028990818312115498,
        0.9995766489915568,
        2.744644484327795
      ],
      [
        0.0,
        0.0,
        0.0,
        1.0
      ]
    ],
    "location": [
      46.16036217997225,
      -109.28723462719108,
      2.744644484327795
    ],
    "rotation": [
      -0.02899496863299524,
      -0.0024607431043781906,
      1.8438039964492323
    ]
  },
  "mi0vnhXUf4v8GrUfy5muNQ": {
    "label_id": "mi0vnhXUf4v8GrUfy5muNQ",
    "size": [
      1.238785445471843,
      0.19552949233649633,
      1.3600000000000048
    ],
    "obj_class": "sign",
    "point_num_in_lidar": 28,
    "speed": 0.012209741196543241,
    "if_vehicle": false,
    "motion_state": false,
    "pose": [
      [
        0.02078357483872376,
        0.9991044124098302,
        -0.03685669708656398,
        78.06079820427385
      ],
      [
        -0.9997771453233262,
        0.020632813197212954,
        -0.004466173833295633,
        -229.25723374212134
      ],
      [
        -0.0037017166373816564,
        0.03694130645735855,
        0.9993105809362572,
        1.3946444843278147
      ],
      [
        0.0,
        0.0,
        0.0,
        1.0
      ]
    ],
    "location": [
      78.06079820427385,
      -229.25723374212134,
      1.3946444843278147
    ],
    "rotation": [
      0.03694996694927428,
      0.003701725091356288,
      -1.5500111129690348
    ]
  },
  "j9pmj7UxwUc0dOdhEC98YQ": {
    "label_id": "j9pmj7UxwUc0dOdhEC98YQ",
    "size": [
      1.2903383367307864,
      0.2139058649050754,
      1.299999999999999
    ],
    "obj_class": "sign",
    "point_num_in_lidar": 30,
    "speed": 0.006035865037988405,
    "if_vehicle": false,
    "motion_state": false,
    "pose": [
      [
        0.03593422311259491,
        0.9985566734806584,
        -0.039916180385104076,
        92.1812857927689
      ],
      [
        -0.9993538740942949,
        0.035875470044233033,
        -0.0021874601320504825,
        -229.38534167350463
      ],
      [
        -0.0007522911791458884,
        0.03996899418733548,
        0.9992006372904465,
        1.2872217271187658
      ],
      [
        0.0,
        0.0,
        0.0,
        1.0
      ]
    ],
    "location": [
      92.1812857927689,
      -229.38534167350463,
      1.2872217271187658
    ],