{
  "9QvradQC1ASnPu8heK5ixA": {
    "label_id": "9QvradQC1ASnPu8heK5ixA",
    "size": [
      2.108449041637669,
      4.389297726515963,
      1.5900000000000034
    ],
    "obj_class": "vehicle",
    "point_num_in_lidar": 109,
    "speed": 7.054559140026018e-28,
    "if_vehicle": true,
    "motion_state": false,
    "pose": [
      [
        0.9252624833894894,
        0.3791391584067796,
        0.011951376260239755,
        -44.745493665604045
      ],
      [
        -0.378755848518606,
        0.925138528607944,
        -0.025743156334822936,
        -134.68884503129448
      ],
      [
        -0.020816917275757043,
        0.019292523104229898,
        0.9995971461080744,
        -3.401402483220636
      ],
      [
        0.0,
        0.0,
        0.0,
        1.0
      ]
    ],
    "location": [
      -44.745493665604045,
      -134.68884503129448,
      -3.401402483220636
    ],
    "rotation": [
      0.019297902376535985,
      0.020818421050207755,
      -0.3885403218121022
    ]
  },
  "CYgZTdc8n8BmocfFiCVd-g": {
    "label_id": "CYgZTdc8n8BmocfFiCVd-g",
    "size": [
      1.95043330185356,
      4.516909538653063,
      1.9300000000000033
    ],
    "obj_class": "vehicle",
    "point_num_in_lidar": 155,
    "speed": 1.6890453371833502e-28,
    "if_vehicle": true,
    "motion_state": false,
    "pose": [
      [
        -0.05443246746324481,
        0.9984459279757462,
        0.011951376260239755,
        -33.20892621008625
      ],
      [
        -0.9982030258983554,
        -0.054111080097222354,
        -0.025743156334822936,
        -112.22676555687758
      ],
      [
        -0.02505644773765712,
        -0.013331163466217568,
        0.9995971461080744,
        -2.601217655600088
      ],
      [
        0.0,
        0.0,
        0.0,
        1.0
      ]
    ],
    "location": [
      -33.20892621008625,
      -112.22676555687758,
      -2.601217655600088
    ],
    "rotation": [
      -0.013335745533095722,
      0.025059070325106066,
      -1.6252728302483068
    ]
  },
  "F4Y0-z0pBo3LdthKdq6h4A": {
    "label_id": "F4Y0-z0pBo3LdthKdq6h4A",
    "size": [
      2.200184907649805,
      4.627981559074035,
      1.6200000000000045
    ],
    "obj_class": "vehicle",
    "point_num_in_lidar": 30,
    "speed": 1.013427538041429e-27,
    "if_vehicle": true,
    "motion_state": false,
    "pose": [
      [
        0.9151269991026767,
        0.40298851114990303,
        0.011951376260239755,
        -45.18769242491271
      ],
      [
        -0.4026021178938543,
        0.9150130187977129,
        -0.025743156334822936,
        -137.73797566717076
      ],
      [
        -0.021309861114338788,
        0.018746608009998715,
        0.9995971461080744,
        -3.4545195854859116
      ],
      [
        0.0,
        0.0,
        0.0,
        1.0
      ]
    ],
    "location": [
      -45.18769242491271,
      -137.73797566717076,
      -3.4545195854859116
    ],
    "rotation": [
      0.018751964931942484,
      0.021311474281490835,
      -0.4144576545052843
    ]
  },
  "_h2NN2pi_WSy_jwFvhDROA": {
    "label_id": "_h2NN2pi_WSy_jwFvhDROA",
    "size": [
      0.6400958686117136,
      0.8209484572706659,
      1.0400000000000027
    ],
    "obj_class": "pedestrian",
    "point_num_in_lidar": 207,
    "speed": 6.419359953059353e-28,
    "if_vehicle": false,
    "motion_state": false,
    "pose": [
      [
        0.9974093010950564,
        0.0709355390094219,
        0.011951376260239755,
        -16.429208333028328
      ],
      [
        -0.07061017890708474,
        0.9971717467601207,
        -0.025743156334822936,
        -142.6159890691024
      ],
      [
        -0.013743679412025193,
        0.024832574751975103,
        0.9995971461080744,
        -2.600328535480905
      ],
      [
        0.0,
        0.0,
        0.0,
        1.0
      ]
    ],
    "location": [
      -16.429208333028328,
      -142.6159890691024,
      -2.600328535480905
    ],
    "rotation": [
      0.024837474008948757,
      0.013744112119817032,
      -0.07067567198512799
    ]
  },
  "d4ajfIN3Bvzz0nrJjaFqyQ": {
    "label_id": "d4ajfIN3Bvzz0nrJjaFqyQ",
    "size": [
      0.6619503964107022,
      0.07957740070102917,
      0.306946122928867
    ],
    "obj_class": "sign",
    "point_num_in_lidar": 29,
    "speed": 0.01700053036984321,
    "if_vehicle": false,
    "motion_state": false,
    "pose": [
      [
        -0.1035392865975951,
        0.9945535585056982,
        0.011951376260239755,
        3.5196957127645874
      ],
      [
        -0.9943267793251469,
        -0.10320632644756493,
        -0.025743156334822936,
        -114.17660514821
      ],
      [
        -0.024369490100154673,
        -0.014549001507025141,
        0.9995971461080744,
        -1.2689115140051577
      ],
      [
        0.0,
        0.0,
        0.0,
        1.0
      ]
    ],
    "location": [
      3.5196957127645874,
      -114.17660514821,
      -1.2689115140051577
    ],
    "rotation": [
      -0.014553837334251708,
      0.024371902804818706,
      -1.674552432904242
    ]
  },
  "kWFqMo9WlFRTUGOYSdjuwg": {
    "label_id": "kWFqMo9WlFRTUGOYSdjuwg",
    "size": [
      0.9718465868042351,
      1.0859998498664827,
      1.6900000000000048
    ],
    "obj_class": "pedestrian",
    "point_num_in_lidar": 366,
    "speed": 0.12539269183984342,
    "if_vehicle": false,
    "motion_state": false,
    "pose": [
      [
        0.9445760893180429,
        -0.32807495499370054,
        0.011951376260239755,
        -16.134044124740285
      ],
      [
        0.3282802928527844,
        0.9442294949991824,
        -0.025743156334822936,
        -133.13233915944693
      ],
      [
        -0.0028391571148085686,
        0.028239771236155373,
        0.9995971461080744,
        -2.2500162859007453
      ],
      [
        0.0,
        0.0,
        0.0,
        1.0
      ]
    ],
    "location": [
      -16.134044124740285,
      -133.13233915944693,
      -2.2500162859007453
    ],
    "rotation": [
      0.02824363991180476,
      0.0028391609291415596,
      0.33448379414811313
    ]
  },
  "qNKrNNgRRaM18dnbnpqzcA": {
    "label_id": "qNKrNNgRRaM18dnbnpqzcA",
    "size": [
      0.7137083497008079,
      0.8306983362979303,
      1.350000000000005
    ],
    "obj_class": "pedestrian",
    "point_num_in_lidar": 260,
    "speed": 0.006358773611747748,
    "if_vehicle": false,
    "motion_state": false,
    "pose": [
      [
        0.9985668457047595,
        -0.05216722404664685,
        0.011951376260239755,
        -16.422395120111105
      ],
      [
        0.05246092676900319,
        0.998291110380363,
        -0.025743156334822936,
        -132.45500480012925
      ],
      [
        -0.01058800367322169,
        0.026333242694525878,
        0.9995971461080744,
        -2.387008841224837
      ],
      [
        0.0,
        0.0,
        0.0,
        1.0
      ]
    ],
    "location": [
      -16.422395120111105,
      -132.45500480012925,
      -2.387008841224837
    ],
    "rotation": [
      0.026337763754940607,
      0.010588201512677857,
      0.05248796488971372
    ]
  },
  "uaKh5UP61W9EehctB-7_sw": {
    "label_id": "uaKh5UP61W9EehctB-7_sw",
    "size": [
      0.66860519361663,
      0.08186901739758704,
      0.7769461229288694
    ],
    "obj_class": "sign",
    "point_num_in_lidar": 66,
    "speed": 0.02281718816560102,
    "if_vehicle": false,
    "motion_state": false,
    "pose": [
      [
        -0.10353928660037144,
        0.994553558505409,
        0.011951376260239755,
        3.518514159755796
      ],
      [
        -0.9943267793248588,
        -0.10320632645034064,
        -0.025743156334822936,
        -114.178996602388
      ],
      [
        -0.02436949010011406,
        -0.01454900150709317,
        0.9995971461080744,
        -0.7041972709127862
      ],
      [
        0.0,
        0.0,
        0.0,
        1.0
      ]
    ],