{
  "zPi9Ht2yALbDuLbVtJ9k0w": {
    "label_id": "zPi9Ht2yALbDuLbVtJ9k0w",
    "size": [
      2.8527088364843496,
      7.096669548272612,
      2.2000000000000455
    ],
    "obj_class": "vehicle",
    "point_num_in_lidar": 550,
    "speed": 0.10773309718768294,
    "if_vehicle": true,
    "motion_state": false,
    "pose": [
      [
        -0.9986939240179136,
        0.04263314095792716,
        -0.028157795044417795,
        248.60837633863957
      ],
      [
        -0.04296002492477043,
        -0.9990150432018129,
        0.011107642186484672,
        0.42798922968813713
      ],
      [
        -0.027656507157720216,
        0.012302794338742063,
        0.9995417744463178,
        0.4548878049358791
      ],
      [
        0.0,
        0.0,
        0.0,
        1.0
      ]
    ],
    "location": [
      248.60837633863957,
      0.42798922968813713,
      0.4548878049358791
    ],
    "rotation": [
      0.012307812868480915,
      0.027660034034336256,
      -3.0986029491235256
    ]
  }
}