{
  "aIMWIvZ-9FsM82qmziX_Cw": {
    "label_id": "aIMWIvZ-9FsM82qmziX_Cw",
    "size": [
      3.118235992320025,
      7.163650091990669,
      2.3000000000000114
    ],
    "obj_class": "vehicle",
    "point_num_in_lidar": 4001,
    "speed": 1.0154047914445795e-27,
    "if_vehicle": true,
    "motion_state": false,
    "pose": [
      [
        0.07695504093064688,
        -0.9964578230605844,
        0.03390764717174542,
        -6.946805757011134
      ],
      [
        0.996965545991811,
        0.07730534996255915,
        0.009142372362601504,
        -104.02311739730351
      ],
      [
        -0.011731230993065908,
        0.03310120433650965,
        0.9993831539959337,
        1.6550030511391753
      ],
      [
        0.0,
        0.0,
        0.0,
        1.0
      ]
    ],
    "location": [
      -6.946805757011134,
      -104.02311739730351,
      1.6550030511391753
    ],
    "rotation": [
      0.03310953130137235,
      0.01173150008854761,
      1.4937598154570844
    ]
  },
  "rpwvKbh-Np4npfBHGubrYw": {
    "label_id": "rpwvKbh-Np4npfBHGubrYw",
    "size": [
      2.0001894835902236,
      8.004928305334522,
      3.3300000000000125
    ],
    "obj_class": "vehicle",
    "point_num_in_lidar": 2348,
    "speed": 6.33392106440714e-29,
    "if_vehicle": true,
    "motion_state": false,
    "pose": [
      [
        0.7112781746397407,
        -0.7020923228069332,
        0.03390764717174542,
        -8.33632945932277
      ],
      [
        0.7022461387603728,
        0.7118755352052287,
        0.009142372362601504,
        -105.06094710816456
      ],
      [
        -0.030556813925961136,
        0.017308744374859287,
        0.9993831539959337,
        2.5100030511393356
      ],
      [
        0.0,
        0.0,
        0.0,
        1.0
      ]
    ],
    "location": [
      -8.33632945932277,
      -105.06094710816456,
      2.5100030511393356
    ],
    "rotation": [
      0.017317696379548844,
      0.030561571170766,
      0.7790085223598715
    ]
  },
  "kkxKESj1hE_iEDSSnzGUrA": {
    "label_id": "kkxKESj1hE_iEDSSnzGUrA",
    "size": [
      2.896050353761579,
      10.96042731337048,
      2.9000000000000057
    ],
    "obj_class": "vehicle",
    "point_num_in_lidar": 24,
    "speed": 7.160723346098895e-13,
    "if_vehicle": true,
    "motion_state": false,
    "pose": [
      [
        0.9996046881017353,
        -0.02743002667718607,
        0.006169372862855709,
        35.2578209377416
      ],
      [
        0.02746742582121064,
        0.9996043223264629,
        -0.0060612956543130685,
        -47.463977613501356
      ],
      [
        -0.0060006702782580326,
        0.006228356343495899,
        0.9999625990673201,
        2.8814434024725415
      ],
      [
        0.0,
        0.0,
        0.0,
        1.0
      ]
    ],
    "location": [
      35.2578209377416,
      -47.463977613501356,
      2.8814434024725415
    ],
    "rotation": [
      0.006228508753705145,
      0.006000706290907928,
      0.02747137556180135
    ]
  },
  "mSe-r2JQeTDLbyn4ZQuu9g": {
    "label_id": "mSe-r2JQeTDLbyn4ZQuu9g",
    "size": [
      2.0481505622274656,
      12.56373164208783,
      3.3600000000000136
    ],
    "obj_class": "vehicle",
    "point_num_in_lidar": 33,
    "speed": 1.0556530211303647e-29,
    "if_vehicle": true,
    "motion_state": false,
    "pose": [
      [
        0.9997672679150988,
        -0.020672417470091825,
        0.006169372862855709,
        35.186781352535945
      ],
      [
        0.020709818232182913,
        0.9997671549534826,
        -0.0060612956543130685,
        -36.811150827497386
      ],
      [
        -0.006042634720768862,
        0.006187651586934543,
        0.9999625990673201,
        1.6286299478486228
      ],
      [
        0.0,
        0.0,
        0.0,
        1.0
      ]
    ],
    "location": [
      35.186781352535945,
      -36.811150827497386,
      1.6286299478486228
    ],
    "rotation": [
      0.006187804043545533,
      0.006042671494264141,
      0.020711677097742347
    ]
  },
  "-LOWWToppG64GhD01GdGoQ": {
    "label_id": "-LOWWToppG64GhD01GdGoQ",
    "size": [
      2.0171053650236455,
      13.240797996630345,
      3.0999999999999943
    ],
    "obj_class": "vehicle",
    "point_num_in_lidar": 27,
    "speed": 1.432144669219779e-13,
    "if_vehicle": true,
    "motion_state": false,
    "pose": [
      [
        0.9997796907962528,
        -0.02067267434120902,
        0.0036346123495272593,
        35.1942243701933
      ],
      [
        0.020685018216982248,
        0.9997802878473152,
        -0.003392057384939065,
        -44.025679463222446
      ],
      [
        -0.0035636908833582316,
        0.003466492106139165,
        0.9999876416935192,
        1.476233132165163
      ],
      [
        0.0,
        0.0,
        0.0,
        1.0
      ]
    ],
    "location": [
      35.1942243701933,
      -44.025679463222446,
      1.476233132165163
    ],
    "rotation": [
      0.0034665210611136235,
      0.0035636984264833197,
      0.02068662496223644
    ]
  },
  "knNjsVOTq4JKHKdR4ciuXA": {
    "label_id": "knNjsVOTq4JKHKdR4ciuXA",
    "size": [
      1.9446370296238475,
      12.54279923678777,
      2.950000000000017
    ],
    "obj_class": "vehicle",
    "point_num_in_lidar": 44,
    "speed": 5.673966529723523e-28,
    "if_vehicle": true,
    "motion_state": false,
    "pose": [
      [
        0.99977969079625,
        -0.02067267434134331,
        0.0036346123495272593,
        35.17625041237079
      ],
      [
        0.020685018217116557,
        0.9997802878473124,
        -0.003392057384939065,
        -40.41151969271721
      ],
      [
        -0.003563690883357766,
        0.003466492106139644,
        0.9999876416935192,
        2.07362994784836
      ],
      [
        0.0,
        0.0,
        0.0,
        1.0
      ]
    ],
    "location": [
      35.17625041237079,
      -40.41151969271721,
      2.07362994784836
    ],
    "rotation": [
      0.0034665210611141022,
      0.003563698426482854,
      0.02068662496237078
    ]
  },
  "mPYQKdQFlCMR8XXG5PGIiA": {
    "label_id": "mPYQKdQFlCMR8XXG5PGIiA",
    "size": [
      2.6275945275933603,
      7.379206516826654,
      2.5999999999999943
    ],
    "obj_class": "vehicle",
    "point_num_in_lidar": 22,
    "speed": 1.5888218580782548e-13,
    "if_vehicle": true,
    "motion_state": false,
    "pose": [
      [
        0.9992430713735454,
        -0.038730787560183395,
        0.0036346123495272593,
        34.63965785384244
      ],
      [
        0.03874314020751803,
        0.9992434453292941,
        -0.003392057384939065,
        -51.64035969535303
      ],
      [
        -0.003500485512609993,
        0.00353030613545954,
        0.9999876416935192,
        2.2864269950818255
      ],
      [
        0.0,
        0.0,
        0.0,
        1.0
      ]
    ],
    "location": [
      34.63965785384244,
      -51.64035969535303,
      2.2864269950818255
    ],
    "rotation": [
      0.003530335098029112,
      0.0035004926614569222,
      0.03875307675022943
    ]
  },
  "7b-5msqRGbHuMztSA8Hw2g": {
    "label_id": "7b-5msqRGbHuMztSA8Hw2g",
    "size": [
      2.3569308836097425,
      11.455956273390987,
      3.219999999999999
    ],
    "obj_class": "vehicle",
    "point_num_in_lidar": 30,
    "speed": 0.19353804576107855,
    "if_vehicle": true,
    "motion_state": false,
    "pose": [
      [
        0.9997655876196415,
        -0.02067238272662504,
        0.006436023924518489,
        35.18824292993668
      ],
      [
        0.02069033960439242,
        0.9997821881271063,
        -0.0027360831183444495,
        -30.266929874816697
      ],
      [
        -0.006378060724699226,
        0.0028686052672881007,
        0.9999755454235931,
        1.5486299478486387
      ],
      [
        0.0,
        0.0,
        0.0,
        1.0
      ]
    ],
    "location": [
      35.18824292993668,
      -30.266929874816697,
      1.5486299478486387
    ],