{
  "-P2r1ulTFQiaIYLQ5q7wrw": {
    "label_id": "-P2r1ulTFQiaIYLQ5q7wrw",
    "size": [
      1.977703211513418,
      4.853243234693944,
      1.4799999999999969
    ],
    "obj_class": "vehicle",
    "point_num_in_lidar": 95,
    "speed": 0.01957040399678531,
    "if_vehicle": true,
    "motion_state": false,
    "pose": [
      [
        -0.7116760095035858,
        -0.7022517902907696,
        0.018965245330894612,
        4.496529614462929
      ],
      [
        0.7024886222093704,
        -0.7115968241753305,
        0.011819284663811623,
        -22.64144984707309
      ],
      [
        0.00519549453205267,
        0.021734370407091235,
        0.9997502808099504,
        0.32235394562056996
      ],
      [
        0.0,
        0.0,
        0.0,
        1.0
      ]
    ],
    "location": [
      4.496529614462929,
      -22.64144984707309,
      0.32235394562056996
    ],
    "rotation": [
      0.021736375343225707,
      -0.005195517906142097,
      2.362691087430193
    ]
  },
  "04pkf4nJONAF_qs2PTV8qQ": {
    "label_id": "04pkf4nJONAF_qs2PTV8qQ",
    "size": [
      1.9812665109936338,
      4.883885630197538,
      1.3383567239946075
    ],
    "obj_class": "vehicle",
    "point_num_in_lidar": 319,
    "speed": 0.019960462065964215,
    "if_vehicle": true,
    "motion_state": false,
    "pose": [
      [
        -0.7637716143040962,
        -0.645207904983234,
        0.018965245330894612,
        20.250849389514542
      ],
      [
        0.6454501437477668,
        -0.7637109508485675,
        0.011819284663811623,
        -38.24210330176538
      ],
      [
        0.006858069648395514,
        0.021268354452636636,
        0.9997502808099504,
        0.32572398657408286
      ],
      [
        0.0,
        0.0,
        0.0,
        1.0
      ]
    ],
    "location": [
      20.250849389514542,
      -38.24210330176538,
      0.32572398657408286
    ],
    "rotation": [
      0.0212704584999723,
      -0.0068581234089346845,
      2.439960297694692
    ]
  },
  "3ULvwGxTGRPNwREovjQpTA": {
    "label_id": "3ULvwGxTGRPNwREovjQpTA",
    "size": [
      0.44314225601793444,
      0.06973389285489551,
      0.4799999999999969
    ],
    "obj_class": "sign",
    "point_num_in_lidar": 44,
    "speed": 0.03558227187535127,
    "if_vehicle": false,
    "motion_state": false,
    "pose": [
      [
        0.8678184174245327,
        0.4965193992668549,
        0.018965245330894612,
        19.40475584537171
      ],
      [
        -0.49676861322988314,
        0.8678025405699702,
        0.011819284663811623,
        -40.613889899101196
      ],
      [
        -0.010589583959643408,
        -0.019678331534632082,
        0.9997502808099504,
        2.4606582752444837
      ],
      [
        0.0,
        0.0,
        0.0,
        1.0
      ]
    ],
    "location": [
      19.40475584537171,
      -40.613889899101196,
      2.4606582752444837
    ],
    "rotation": [
      -0.019680705448369105,
      0.0105897818876999,
      -0.5199035901435585
    ]
  },
  "6K69Q1Lj6wFOJTt83VGCPQ": {
    "label_id": "6K69Q1Lj6wFOJTt83VGCPQ",
    "size": [
      1.5735966506164463,
      3.876532353821779,
      1.4104110017826414
    ],
    "obj_class": "vehicle",
    "point_num_in_lidar": 21,
    "speed": 0.0,
    "if_vehicle": true,
    "motion_state": false,
    "pose": [
      [
        0.0690407872048676,
        0.9974335512562585,
        0.018965245330894612,
        24.842874675545318
      ],
      [
        -0.9975587512999227,
        0.06882472095820802,
        0.011819284663811623,
        -83.27043268639682
      ],
      [
        0.010483673357731482,
        -0.019734959167771886,
        0.9997502808099504,
        -0.08910780951411823
      ],
      [
        0.0,
        0.0,
        0.0,
        1.0
      ]
    ],
    "location": [
      24.842874675545318,
      -83.27043268639682,
      -0.08910780951411823
    ],
    "rotation": [
      -0.019737325226649845,
      -0.010483865406122584,
      -1.5016967695184924
    ]
  },
  "Kiq_2OWzaiT26agub1la4Q": {
    "label_id": "Kiq_2OWzaiT26agub1la4Q",
    "size": [
      1.9738654991365079,
      4.297312746906173,
      1.4000000000000057
    ],
    "obj_class": "vehicle",
    "point_num_in_lidar": 27,
    "speed": 0.0,
    "if_vehicle": true,
    "motion_state": false,
    "pose": [
      [
        0.7155254185021864,
        -0.6983292167357816,
        0.018965245330894612,
        26.634903414029168
      ],
      [
        0.6982455868191337,
        0.7157607176966612,
        0.011819284663811623,
        -99.25319681988003
      ],
      [
        -0.021828329410991186,
        0.004785400249769057,
        0.9997502808099504,
        0.2741477333109188
      ],
      [
        0.0,
        0.0,
        0.0,
        1.0
      ]
    ],
    "location": [
      26.634903414029168,
      -99.25319681988003,
      0.2741477333109188
    ],
    "rotation": [
      0.004786558999013321,
      0.0218300632284916,
      0.7731762609688297
    ]
  },
  "MXGqNLicpKl4p33SUi0GOQ": {
    "label_id": "MXGqNLicpKl4p33SUi0GOQ",
    "size": [
      1.9887407246762672,
      3.9803224659455165,
      1.7700000000000031
    ],
    "obj_class": "vehicle",
    "point_num_in_lidar": 580,
    "speed": 0.056667230144746936,
    "if_vehicle": true,
    "motion_state": false,
    "pose": [
      [
        -0.7158547458493781,
        -0.6979916205188005,
        0.018965245330894612,
        34.430988681044596
      ],
      [
        0.6982289208391897,
        -0.7157769754705556,
        0.011819284663811623,
        -28.59494367154184
      ],
      [
        0.005325124286137939,
        0.021702973799975347,
        0.9997502808099504,
        0.6145978859025334
      ],
      [
        0.0,
        0.0,
        0.0,
        1.0
      ]
    ],
    "location": [
      34.430988681044596,
      -28.59494367154184,
      0.6145978859025334
    ],
    "rotation": [
      0.021704985707730034,
      -0.005325149453838431,
      2.3686583299974426
    ]
  },
  "S4HqC_4GSw-T9OMeUMC35Q": {
    "label_id": "S4HqC_4GSw-T9OMeUMC35Q",
    "size": [
      2.2306780173773824,
      5.697452598496534,
      1.9638435647708974
    ],
    "obj_class": "vehicle",
    "point_num_in_lidar": 507,
    "speed": 0.06770030431895233,
    "if_vehicle": true,
    "motion_state": false,
    "pose": [
      [
        0.07924247998893287,
        0.9966749464267388,
        0.018965245330894612,
        33.582323668036
      ],
      [
        -0.9968023506128927,
        0.07902770604444816,
        0.011819284663811623,
        -74.28636496893341
      ],
      [
        0.010281205076036044,
        -0.019841190554241526,
        0.9997502808099504,
        0.40021772563934377
      ],
      [
        0.0,
        0.0,
        0.0,
        1.0
      ]
    ],
    "location": [
      33.582323668036,
      -74.28636496893341,
      0.40021772563934377
    ],
    "rotation": [
      -0.019843541535983923,
      -0.010281386210660156,
      -1.4914664777968982
    ]
  },
  "TtGOCH4bFuFcQIo2i1oiHQ": {
    "label_id": "TtGOCH4bFuFcQIo2i1oiHQ",
    "size": [
      1.7668313851055268,
      3.705278902461452,
      1.5820309010255187
    ],
    "obj_class": "vehicle",
    "point_num_in_lidar": 44,
    "speed": 0.0,
    "if_vehicle": true,
    "motion_state": false,
    "pose": [
      [
        0.06501402695344818,
        -0.997704112334331,
        0.018965245330894612,
        24.579338950445162
      ],
      [
        0.9977992821862159,
        0.06524490002067614,
        0.011819284663811623,
        -89.04249457450533
      ],
      [
        -0.01302953444941676,
        0.0181550888859486,
        0.9997502808099504,
        -0.026867359530896806
      ],
      [
        0.0,
        0.0,
        0.0,
        1.0
      ]
    ],
    "location": [
      24.579338950445162,
      -89.04249457450533,
      -0.026867359530896806
    ],