{
  "-uTt3c5-5aG3V5_GjZgxAg": {
    "label_id": "-uTt3c5-5aG3V5_GjZgxAg",
    "size": [
      0.6643286981054979,
      0.12261025073905987,
      0.8299999999999272
    ],
    "obj_class": "sign",
    "point_num_in_lidar": 58,
    "speed": 0.04519575599216907,
    "if_vehicle": false,
    "motion_state": false,
    "pose": [
      [
        0.9770424728151937,
        -0.21117562570857437,
        -0.028157795044417795,
        244.09121120032069
      ],
      [
        0.21155217756265726,
        0.9773035845905584,
        0.011107642186484672,
        5.14066059450397
      ],
      [
        0.025173050742197917,
        -0.016809481046038934,
        0.9995417744463178,
        2.49935595719694
      ],
      [
        0.0,
        0.0,
        0.0,
        1.0
      ]
    ],
    "location": [
      244.09121120032069,
      5.14066059450397,
      2.49935595719694
    ],
    "rotation": [
      -0.016815601980032895,
      -0.025175710120827786,
      0.2132314233375044
    ]
  },
  "7UinvUKcQIjYBcah9e8Ezw": {
    "label_id": "7UinvUKcQIjYBcah9e8Ezw",
    "size": [
      0.6501502356826762,
      0.09364605791737626,
      0.7699999999999818
    ],
    "obj_class": "sign",
    "point_num_in_lidar": 49,
    "speed": 0.08952007552102362,
    "if_vehicle": false,
    "motion_state": false,
    "pose": [
      [
        0.996119013814909,
        0.08339094012331272,
        -0.028157795044417795,
        243.10458102198209
      ],
      [
        -0.08310706778269848,
        0.9964787180715998,
        0.011107642186484672,
        15.72410211744591
      ],
      [
        0.02898492023406862,
        -0.008724421799242231,
        0.9995417744463178,
        2.635531079480643
      ],
      [
        0.0,
        0.0,
        0.0,
        1.0
      ]
    ],
    "location": [
      243.10458102198209,
      15.72410211744591,
      2.635531079480643
    ],
    "rotation": [
      -0.008728199735845963,
      -0.028988980264765544,
      -0.0832380869676817
    ]
  },
  "qT1zGYrv0EvrTdS1DNPKog": {
    "label_id": "qT1zGYrv0EvrTdS1DNPKog",
    "size": [
      1.7867477203653832,
      0.17873746056648088,
      1.9579331306990753
    ],
    "obj_class": "sign",
    "point_num_in_lidar": 136,
    "speed": 0.15252810251671253,
    "if_vehicle": false,
    "motion_state": false,
    "pose": [
      [
        0.9996034906792977,
        3.3841168512873867e-15,
        -0.028157795044417795,
        235.46952147945922
      ],
      [
        0.000312890776219536,
        0.9999382592862517,
        0.011107642186484672,
        3.4009845320961176
      ],
      [
        0.02815605656205421,
        -0.011112048217174783,
        0.9995417744463178,
        2.60433967405811
      ],
      [
        0.0,
        0.0,
        0.0,
        1.0
      ]
    ],
    "location": [
      235.46952147945922,
      3.4009845320961176,
      2.60433967405811
    ],
    "rotation": [
      -0.011116684417478874,
      -0.028159778072255545,
      0.000313014879317867
    ]
  },
  "zPi9Ht2yALbDuLbVtJ9k0w": {
    "label_id": "zPi9Ht2yALbDuLbVtJ9k0w",
    "size": [
      2.8527088364843496,
      7.096669548272612,
      2.2000000000000455
    ],
    "obj_class": "vehicle",
    "point_num_in_lidar": 550,
    "speed": 0.10773309718768294,
    "if_vehicle": true,
    "motion_state": false,
    "pose": [
      [
        -0.9986939240179136,
        0.04263314095792716,
        -0.028157795044417795,
        248.60837633863957
      ],
      [
        -0.04296002492477043,
        -0.9990150432018129,
        0.011107642186484672,
        0.42798922968813713
      ],
      [
        -0.027656507157720216,
        0.012302794338742063,
        0.9995417744463178,
        0.4548878049358791
      ],
      [
        0.0,
        0.0,
        0.0,
        1.0
      ]
    ],
    "location": [
      248.60837633863957,
      0.42798922968813713,
      0.4548878049358791
    ],
    "rotation": [
      0.012307812868480915,
      0.027660034034336256,
      -3.0986029491235256
    ]
  },
  "d4mlmsT2sNV2oqOS7SmBSg": {
    "label_id": "d4mlmsT2sNV2oqOS7SmBSg",
    "size": [
      1.536441471374889,
      0.1777361243307497,
      1.6199999999998909
    ],
    "obj_class": "sign",
    "point_num_in_lidar": 63,
    "speed": 0.06771536559883581,
    "if_vehicle": false,
    "motion_state": false,
    "pose": [
      [
        0.9925310372504225,
        -0.12198693052282478,
        -0.0011527689360527657,
        132.3762195422387
      ],
      [
        0.12199200905047347,
        0.992460512892805,
        0.01183554292712021,
        -24.880262736635814
      ],
      [
        -0.0002997039032287024,
        -0.011887772296356578,
        0.999929293023962,
        3.527915701229631
      ],
      [
        0.0,
        0.0,
        0.0,
        1.0
      ]
    ],
    "location": [
      132.3762195422387,
      -24.880262736635814,
      3.527915701229631
    ],
    "rotation": [
      -0.01188805284303612,
      0.00029970390771539136,
      0.12229664094057026
    ]
  },
  "oIHTf6nRZ0wTZsebBcs5mQ": {
    "label_id": "oIHTf6nRZ0wTZsebBcs5mQ",
    "size": [
      1.417599871679293,
      0.20209116745286218,
      1.888936170212446
    ],
    "obj_class": "sign",
    "point_num_in_lidar": 75,
    "speed": 0.043418121237350595,
    "if_vehicle": false,
    "motion_state": false,
    "pose": [
      [
        0.9995364046691564,
        0.029947571247633163,
        0.005488052243237736,
        -134.46963194732962
      ],
      [
        -0.03002041127711165,
        0.9994552698918693,
        0.013709062408633078,
        5.058679119982116
      ],
      [
        -0.005074509612725061,
        -0.01386746053676246,
        0.9998909655009648,
        3.788638934414166
      ],
      [
        0.0,
        0.0,
        0.0,
        1.0
      ]
    ],
    "location": [
      -134.46963194732962,
      5.058679119982116,
      3.788638934414166
    ],
    "rotation": [
      -0.013868083610940486,
      0.005074531391629073,
      -0.030025309002406374
    ]
  }
}