{
  "AFqGUqPT9iZ9gCmYnJZ2Jg": {
    "label_id": "AFqGUqPT9iZ9gCmYnJZ2Jg",
    "size": [
      0.9799058521566626,
      0.1337578924531777,
      1.0
    ],
    "obj_class": "sign",
    "point_num_in_lidar": 23,
    "speed": 0.05765479691008829,
    "if_vehicle": false,
    "motion_state": false,
    "pose": [
      [
        0.9999852317706118,
        3.2609101620580835e-14,
        0.005434725446224734,
        202.45692331479563
      ],
      [
        -8.758748387872025e-05,
        0.9998701245426388,
        0.016116028528157602,
        16.867533956432453
      ],
      [
        -0.005434019608771249,
        -0.01611626653687888,
        0.9998553582312812,
        2.5037303762192806
      ],
      [
        0.0,
        0.0,
        0.0,
        1.0
      ]
    ],
    "location": [
      202.45692331479563,
      16.867533956432453,
      2.5037303762192806
    ],
    "rotation": [
      -0.016117202256945736,
      0.005434046352263873,
      -8.758877718588919e-05
    ]
  },
  "567FajWAACwMfUfq8oRXGw": {
    "label_id": "567FajWAACwMfUfq8oRXGw",
    "size": [
      1.5186959265479385,
      0.16572746356550208,
      1.9899999999999949
    ],
    "obj_class": "sign",
    "point_num_in_lidar": 66,
    "speed": 0.03788740698088902,
    "if_vehicle": false,
    "motion_state": false,
    "pose": [
      [
        0.9994672216635937,
        0.03256705517717331,
        0.0021586424307497715,
        57.86221471679073
      ],
      [
        -0.03259250662711904,
        0.999383572500579,
        0.013046207408335819,
        -12.833645865573999
      ],
      [
        -0.0017324352276739203,
        -0.013109612239386188,
        0.999912564545078,
        4.407597534554839
      ],
      [
        0.0,
        0.0,
        0.0,
        1.0
      ]
    ],
    "location": [
      57.86221471679073,
      -12.833645865573999,
      4.407597534554839
    ],
    "rotation": [
      -0.013110007450530167,
      0.0017324360942772528,
      -0.03259832867221152
    ]
  },
  "QuLgycy4qelxCvYOO-fhQQ": {
    "label_id": "QuLgycy4qelxCvYOO-fhQQ",
    "size": [
      1.3923074070924422,
      0.1706195448298908,
      1.7600000000000051
    ],
    "obj_class": "sign",
    "point_num_in_lidar": 28,
    "speed": 0.03831738516807516,
    "if_vehicle": false,
    "motion_state": false,
    "pose": [
      [
        -0.998844608216714,
        -0.047826468087519024,
        0.004698679247722357,
        -168.54900002080217
      ],
      [
        0.04788800221469999,
        -0.9987546408002793,
        0.01399666831034239,
        -42.43973267668116
      ],
      [
        0.00402341649401849,
        0.014205507037004331,
        0.9998910019044762,
        4.080189271855218
      ],
      [
        0.0,
        0.0,
        0.0,
        1.0
      ]
    ],
    "location": [
      -168.54900002080217,
      -42.43973267668116,
      4.080189271855218
    ],
    "rotation": [
      0.014206099842019298,
      -0.0040234273491949885,
      3.0936859411289808
    ]
  },
  "BZdLDRqt9bdTfidJZ5hOmw": {
    "label_id": "BZdLDRqt9bdTfidJZ5hOmw",
    "size": [
      4.68998798638495,
      0.29923360872726334,
      5.236504099802744
    ],
    "obj_class": "sign",
    "point_num_in_lidar": 68,
    "speed": 0.0551235787238396,
    "if_vehicle": false,
    "motion_state": false,
    "pose": [
      [
        0.9999883987111348,
        -6.352594338690182e-16,
        0.0048168914395935935,
        -213.16438132959092
      ],
      [
        -6.846570937363775e-05,
        0.9998989806782338,
        0.014213505938921083,
        -4.2661486877968855
      ],
      [
        -0.004816404840487353,
        -0.014213670835822284,
        0.9998873805613228,
        7.914155958783738
      ],
      [
        0.0,
        0.0,
        0.0,
        1.0
      ]
    ],
    "location": [
      -213.16438132959092,
      -4.2661486877968855,
      7.914155958783738
    ],
    "rotation": [
      -0.014214314355781443,
      0.00481642346231213,
      -6.846650356634186e-05
    ]
  },
  "LSi0tWhmt1_IGfMRwv46uA": {
    "label_id": "LSi0tWhmt1_IGfMRwv46uA",
    "size": [
      4.4050292142310346,
      0.3634276290285925,
      3.7997067186178697
    ],
    "obj_class": "sign",
    "point_num_in_lidar": 22,
    "speed": 1.4836567898030565e-12,
    "if_vehicle": false,
    "motion_state": false,
    "pose": [
      [
        0.9999883987111348,
        -5.076151532369644e-15,
        0.0048168914395935935,
        -213.17290600998604
      ],
      [
        -6.846570936919736e-05,
        0.9998989806782338,
        0.014213505938921083,
        11.022168692899868
      ],
      [
        -0.0048164048404874165,
        -0.014213670835822262,
        0.9998873805613228,
        7.1957572681912865
      ],
      [
        0.0,
        0.0,
        0.0,
        1.0
      ]
    ],
    "location": [
      -213.17290600998604,
      11.022168692899868,
      7.1957572681912865
    ],
    "rotation": [
      -0.01421431435578142,
      0.004816423462312193,
      -6.846650356190141e-05
    ]
  }
}