{
  "SOy3uHX6JE14CKbCw5REbg": {
    "label_id": "SOy3uHX6JE14CKbCw5REbg",
    "size": [
      2.5533262966531933,
      5.8420457152920555,
      2.1200000000000045
    ],
    "obj_class": "vehicle",
    "point_num_in_lidar": 528,
    "speed": 6.369790761778425e-28,
    "if_vehicle": true,
    "motion_state": false,
    "pose": [
      [
        -0.6530158462889593,
        0.7573439117697555,
        -0.0007097892638587963,
        -106.53201504214212
      ],
      [
        -0.756837423023969,
        -0.652612837257364,
        -0.03596664784673724,
        27.505421859946182
      ],
      [
        -0.027702339358834937,
        -0.022949595904465124,
        0.9993527387473702,
        1.3021237484761627
      ],
      [
        0.0,
        0.0,
        0.0,
        1.0
      ]
    ],
    "location": [
      -106.53201504214212,
      27.505421859946182,
      1.3021237484761627
    ],
    "rotation": [
      -0.022960424291429783,
      0.027705883802731285,
      -2.282687184344326
    ]
  },
  "XK25JNsL-mX-Vhu131zSnQ": {
    "label_id": "XK25JNsL-mX-Vhu131zSnQ",
    "size": [
      2.192461358851564,
      5.642024327292948,
      2.049999999999997
    ],
    "obj_class": "vehicle",
    "point_num_in_lidar": 41,
    "speed": 4.504122242392949e-28,
    "if_vehicle": true,
    "motion_state": false,
    "pose": [
      [
        0.026175606594655527,
        -0.9996571081218814,
        -0.0007097892638587963,
        -69.87865852280265
      ],
      [
        0.9990099038815978,
        0.026184197317263087,
        -0.03596664784673724,
        59.91262297486901
      ],
      [
        0.03597290043744599,
        0.00023236232030094206,
        0.9993527387473702,
        1.0950334292960804
      ],
      [
        0.0,
        0.0,
        0.0,
        1.0
      ]
    ],
    "location": [
      -69.87865852280265,
      59.91262297486901,
      1.0950334292960804
    ],
    "rotation": [
      0.000232512812647969,
      -0.03598066341154823,
      1.5446007716524726
    ]
  },
  "fz_FNf8krIhEfgo5dILtRQ": {
    "label_id": "fz_FNf8krIhEfgo5dILtRQ",
    "size": [
      2.069543586640064,
      4.870461256220542,
      1.4899999999999949
    ],
    "obj_class": "vehicle",
    "point_num_in_lidar": 192,
    "speed": 4.504122242392949e-28,
    "if_vehicle": true,
    "motion_state": false,
    "pose": [
      [
        -0.87123173780178,
        0.4908714243527438,
        -0.0007097892638587963,
        -86.18616569702226
      ],
      [
        -0.49053170798105505,
        -0.8706807932347295,
        -0.03596664784673724,
        27.173841300705135
      ],
      [
        -0.018272999537007523,
        -0.03098711096651026,
        0.9993527387473702,
        0.9971237484763122
      ],
      [
        0.0,
        0.0,
        0.0,
        1.0
      ]
    ],
    "location": [
      -86.18616569702226,
      27.173841300705135,
      0.9971237484763122
    ],
    "rotation": [
      -0.03099724920607294,
      0.018274016589908144,
      -2.6287988406769465
    ]
  },
  "deOt1uW-CDcOIl6RjgwiVg": {
    "label_id": "deOt1uW-CDcOIl6RjgwiVg",
    "size": [
      2.1831293939110155,
      5.766092181557948,
      1.8799999999999955
    ],
    "obj_class": "vehicle",
    "point_num_in_lidar": 24,
    "speed": 8.812583073454803e-28,
    "if_vehicle": true,
    "motion_state": false,
    "pose": [
      [
        0.9654500284414029,
        0.2605882580957537,
        -4.821944673753643e-05,
        70.6053642734023
      ],
      [
        -0.26050658683522443,
        0.9651427800888849,
        -0.025213731531840994,
        -60.06604434185556
      ],
      [
        -0.006523863729097812,
        0.02435515930801847,
        0.9996820821726902,
        0.7663972014388349
      ],
      [
        0.0,
        0.0,
        0.0,
        1.0
      ]
    ],
    "location": [
      70.6053642734023,
      -60.06604434185556,
      0.7663972014388349
    ],
    "rotation": [
      0.024358086215807692,
      0.006523910006791822,
      -0.26355261169415967
    ]
  },
  "NpgYXf4XTJ6kqOYVa3hU7A": {
    "label_id": "NpgYXf4XTJ6kqOYVa3hU7A",
    "size": [
      2.118562472444864,
      5.685590765586477,
      2.1400000000000006
    ],
    "obj_class": "vehicle",
    "point_num_in_lidar": 36,
    "speed": 1.1718571004216928e-12,
    "if_vehicle": true,
    "motion_state": false,
    "pose": [
      [
        -0.005053344868649514,
        0.9999872245086291,
        0.00012052040108685885,
        112.85428465506448
      ],
      [
        -0.9997180964194172,
        -0.005049188762382987,
        -0.02319985742151117,
        28.295445662859493
      ],
      [
        -0.02319895250167807,
        -0.00023772330640865302,
        0.9997308398216264,
        1.0843732050236525
      ],
      [
        0.0,
        0.0,
        0.0,
        1.0
      ]
    ],
    "location": [
      112.85428465506448,
      28.295445662859493,
      1.0843732050236525
    ],
    "rotation": [
      -0.0002377873048015144,
      0.023201033918584434,
      -1.5758510535709533
    ]
  },
  "6psW1wQYXnOuX4uHcX4ojw": {
    "label_id": "6psW1wQYXnOuX4uHcX4ojw",
    "size": [
      2.221802454625434,
      5.503953301999235,
      1.9300000000000068
    ],
    "obj_class": "vehicle",
    "point_num_in_lidar": 22,
    "speed": 3.1776437161565096e-13,
    "if_vehicle": true,
    "motion_state": false,
    "pose": [
      [
        -0.3148102901087187,
        -0.9491533671714315,
        0.0015384501286167035,
        77.39040634704998
      ],
      [
        0.9490093491629981,
        -0.3147900527735145,
        -0.016984636471558165,
        -63.74538812707124
      ],
      [
        0.016605313694338805,
        -0.0038869347797240816,
        0.9998545670721971,
        0.926397201438931
      ],
      [
        0.0,
        0.0,
        0.0,
        1.0
      ]
    ],
    "location": [
      77.39040634704998,
      -63.74538812707124,
      0.926397201438931
    ],
    "rotation": [
      -0.0038874805669443457,
      -0.01660607690406458,
      1.8910988388984504
    ]
  },
  "kA33JYJHFhAzyd5s8EW5cA": {
    "label_id": "kA33JYJHFhAzyd5s8EW5cA",
    "size": [
      1.9026469393235461,
      4.857537240935954,
      1.8299999999999983
    ],
    "obj_class": "vehicle",
    "point_num_in_lidar": 20,
    "speed": 0.5563357815096719,
    "if_vehicle": true,
    "motion_state": false,
    "pose": [
      [
        0.0019335735718064848,
        0.9999921770977142,
        0.0034506574179998194,
        112.84025968503192
      ],
      [
        -0.9998879419081985,
        0.001984573145646627,
        -0.014837961316049031,
        37.127727474071435
      ],
      [
        -0.014844693322174127,
        -0.003421580454053899,
        0.9998839572007179,
        1.183048443944699
      ],
      [
        0.0,
        0.0,
        0.0,
        1.0
      ]
    ],
    "location": [
      112.84025968503192,
      37.127727474071435,
      1.183048443944699
    ],
    "rotation": [
      -0.003421964192962124,
      0.014845238584522009,
      -1.5688625389367357
    ]
  },
  "p0Qy-WrSMLaXYgnS7A-Zow": {
    "label_id": "p0Qy-WrSMLaXYgnS7A-Zow",
    "size": [
      2.59384333702624,
      6.144228188803043,
      2.760000000000005
    ],
    "obj_class": "vehicle",
    "point_num_in_lidar": 53,
    "speed": 7.246142549764705e-13,
    "if_vehicle": true,
    "motion_state": false,
    "pose": [
      [
        0.14426203331813145,
        0.9893924471377215,
        0.01706022537217687,
        54.185129992819384
      ],
      [
        -0.9892408886892722,
        0.1437735290762232,
        0.027048779680923528,
        -78.75562833608365
      ],
      [
        0.02430904951200441,
        -0.020778784463955702,
        0.9994885253108328,
        1.1863972014388366
      ],
      [
        0.0,
        0.0,
        0.0,
        1.0
      ]
    ],
    "location": [
      54.185129992819384,
      -78.75562833608365,
      1.1863972014388366
    ],