{
  "EK5IYzkmWzPAXFlA-PQnKQ": {
    "label_id": "EK5IYzkmWzPAXFlA-PQnKQ",
    "size": [
      2.031245360727879,
      4.547102622504835,
      1.6399999999999864
    ],
    "obj_class": "vehicle",
    "point_num_in_lidar": 50,
    "speed": 4.5321849805223004e-27,
    "if_vehicle": true,
    "motion_state": false,
    "pose": [
      [
        0.6912595426762085,
        -0.7214061639609325,
        -0.041634015639276226,
        -17.900300179666374
      ],
      [
        0.7222285128011272,
        0.6916136636112561,
        0.0075176860328347445,
        -36.83159681410325
      ],
      [
        0.02337134904431817,
        -0.03526594540613401,
        0.9991046457396043,
        -0.14069308624885934
      ],
      [
        0.0,
        0.0,
        0.0,
        1.0
      ]
    ],
    "location": [
      -17.900300179666374,
      -36.83159681410325,
      -0.14069308624885934
    ],
    "rotation": [
      -0.035282900894022924,
      -0.023373477217004054,
      0.8073042672919584
    ]
  },
  "GXY29zmAxt7I63pSzmjgzw": {
    "label_id": "GXY29zmAxt7I63pSzmjgzw",
    "size": [
      1.9490319488613934,
      4.705729582353263,
      1.490000000000009
    ],
    "obj_class": "vehicle",
    "point_num_in_lidar": 120,
    "speed": 5.732810926262533e-27,
    "if_vehicle": true,
    "motion_state": false,
    "pose": [
      [
        0.6934624279095721,
        -0.7192888639618369,
        -0.041634015639276226,
        5.260722854050982
      ],
      [
        0.7201101260267508,
        0.6938190619970374,
        0.0075176860328347445,
        -13.708229404131998
      ],
      [
        0.02347908583183314,
        -0.03519430905759038,
        0.9991046457396043,
        0.5324688022549253
      ],
      [
        0.0,
        0.0,
        0.0,
        1.0
      ]
    ],
    "location": [
      5.260722854050982,
      -13.708229404131998,
      0.5324688022549253
    ],
    "rotation": [
      -0.03521128938896453,
      -0.023481243576528452,
      0.8042472434115798
    ]
  },
  "O1RgtsntOicwhRFJ5KCOiA": {
    "label_id": "O1RgtsntOicwhRFJ5KCOiA",
    "size": [
      0.26166547703157056,
      0.058562024860293604,
      0.36000000000001364
    ],
    "obj_class": "sign",
    "point_num_in_lidar": 28,
    "speed": 3.2047577431442177e-27,
    "if_vehicle": false,
    "motion_state": false,
    "pose": [
      [
        0.0572331992781822,
        0.9974923406433417,
        -0.041634015639276226,
        -44.87500271106546
      ],
      [
        -0.9983117830416883,
        0.057593994798388136,
        0.0075176860328347445,
        -37.63330250188301
      ],
      [
        0.009896703517278574,
        0.041133467165203344,
        0.9991046457396043,
        -0.9625888866053174
      ],
      [
        0.0,
        0.0,
        0.0,
        1.0
      ]
    ],
    "location": [
      -44.87500271106546,
      -37.63330250188301,
      -0.9625888866053174
    ],
    "rotation": [
      0.04114709164162797,
      -0.009896865079409196,
      -1.5135290278311146
    ]
  },
  "QnTSi6m9sgONlcMH-owN-A": {
    "label_id": "QnTSi6m9sgONlcMH-owN-A",
    "size": [
      2.089279698675207,
      4.613630189803625,
      1.787238455412023
    ],
    "obj_class": "vehicle",
    "point_num_in_lidar": 6736,
    "speed": 4.053710152165716e-27,
    "if_vehicle": true,
    "motion_state": false,
    "pose": [
      [
        0.6860908848899931,
        -0.7263235549069124,
        -0.041634015639276226,
        -40.49851901796137
      ],
      [
        0.7271484113034934,
        0.686439125003461,
        0.0075176860328347445,
        -35.653298598350375
      ],
      [
        0.023118944821762608,
        -0.03543192419087724,
        0.9991046457396043,
        -0.5957918450396846
      ],
      [
        0.0,
        0.0,
        0.0,
        1.0
      ]
    ],
    "location": [
      -40.49851901796137,
      -35.653298598350375,
      -0.5957918450396846
    ],
    "rotation": [
      -0.035448820724960216,
      -0.023121004774477538,
      0.8144420636117269
    ]
  },
  "VzOglJYUlWT0mbgeC_CaNw": {
    "label_id": "VzOglJYUlWT0mbgeC_CaNw",
    "size": [
      2.2574139815372716,
      4.758250906213521,
      1.5
    ],
    "obj_class": "vehicle",
    "point_num_in_lidar": 1389,
    "speed": 0.04110460787840909,
    "if_vehicle": true,
    "motion_state": false,
    "pose": [
      [
        0.702845141527605,
        -0.71012345107931,
        -0.041634015639276226,
        -25.21018726008697
      ],
      [
        0.7109399606604279,
        0.7032125260067975,
        0.0075176860328347445,
        -43.44164302032004
      ],
      [
        0.02393907615573461,
        -0.03488305454443052,
        0.9991046457396043,
        -0.5455381945784552
      ],
      [
        0.0,
        0.0,
        0.0,
        1.0
      ]
    ],
    "location": [
      -25.21018726008697,
      -43.44164302032004,
      -0.5455381945784552
    ],
    "rotation": [
      -0.0349001386331384,
      -0.023941363244026855,
      0.791123737011708
    ]
  },
  "W72TFhoZygkbnX5xrmqI5Q": {
    "label_id": "W72TFhoZygkbnX5xrmqI5Q",
    "size": [
      2.065265656631056,
      5.028616147937694,
      1.5072384554120504
    ],
    "obj_class": "vehicle",
    "point_num_in_lidar": 981,
    "speed": 8.107418962441139e-27,
    "if_vehicle": true,
    "motion_state": false,
    "pose": [
      [
        0.7134220107471899,
        -0.6994967071567849,
        -0.041634015639276226,
        -31.584978497765405
      ],
      [
        0.7003076118876472,
        0.7138016062807174,
        0.0075176860328347445,
        -26.72080857954279
      ],
      [
        0.02445983061382542,
        -0.03451990075134552,
        0.9991046457396043,
        -0.4257918450398961
      ],
      [
        0.0,
        0.0,
        0.0,
        1.0
      ]
    ],
    "location": [
      -31.584978497765405,
      -26.72080857954279,
      -0.4257918450398961
    ],
    "rotation": [
      -0.03453709735684898,
      -0.02446227025545296,
      0.776121974731027
    ]
  },
  "WusXYm4eNBs90QiKLvSqSw": {
    "label_id": "WusXYm4eNBs90QiKLvSqSw",
    "size": [
      2.1099975048687853,
      4.924193014114065,
      1.5400000000000205
    ],
    "obj_class": "vehicle",
    "point_num_in_lidar": 400,
    "speed": 4.0537094812205696e-27,
    "if_vehicle": true,
    "motion_state": false,
    "pose": [
      [
        0.7007684097128313,
        -0.7121729036479119,
        -0.041634015639276226,
        -13.898639058126719
      ],
      [
        0.7129904826004283,
        0.7011334082169527,
        0.0075176860328347445,
        -32.59551171189378
      ],
      [
        0.023837106992206376,
        -0.0349528137891913,
        0.9991046457396043,
        0.037468802255432365
      ],
      [
        0.0,
        0.0,
        0.0,
        1.0
      ]
    ],
    "location": [
      -13.898639058126719,
      -32.59551171189378,
      0.037468802255432365
    ],
    "rotation": [
      -0.03496987521344644,
      -0.02383936497410819,
      0.7940430380539251
    ]
  },
  "a5UB6eiHSWzlL_IWYnXAdQ": {
    "label_id": "a5UB6eiHSWzlL_IWYnXAdQ",
    "size": [
      2.263990183412991,
      4.937124122990977,
      1.8199999999999932
    ],
    "obj_class": "vehicle",
    "point_num_in_lidar": 53,
    "speed": 0.018180076903973448,
    "if_vehicle": true,
    "motion_state": false,
    "pose": [
      [
        0.7114903931248233,
        -0.7014613526295178,
        -0.041634015639276226,
        8.593261928686843
      ],
      [
        0.7022733010352552,
        0.7118677510954949,
        0.0075176860328347445,
        13.358265464514261
      ],
      [
        0.024364546868969935,
        -0.03458721898923854,
        0.9991046457396043,
        1.1321688047004272
      ],
      [
        0.0,
        0.0,
        0.0,
        1.0
      ]
    ],
    "location": [
      8.593261928686843,
      13.358265464514261,
      1.1321688047004272
    ],