{
  "Wb4ot2DplsIaqn112cI6rA": {
    "label_id": "Wb4ot2DplsIaqn112cI6rA",
    "size": [
      2.5688903975984223,
      4.164280060795454,
      1.8699999999999992
    ],
    "obj_class": "vehicle",
    "point_num_in_lidar": 20,
    "speed": 5.695433295429594e-13,
    "if_vehicle": true,
    "motion_state": false,
    "pose": [
      [
        -0.874310739148486,
        -0.4850724539005065,
        0.016895143579413,
        -10.940153812124663
      ],
      [
        0.48522804008058956,
        -0.8743631293325544,
        0.006547303516142639,
        117.67465914039917
      ],
      [
        0.011596574027611644,
        0.01392237518254688,
        0.9998358299941539,
        1.2131048326398144
      ],
      [
        0.0,
        0.0,
        0.0,
        1.0
      ]
    ],
    "location": [
      -10.940153812124663,
      117.67465914039917,
      1.2131048326398144
    ],
    "rotation": [
      0.013923761319362312,
      -0.011596833962244197,
      2.6349313869187423
    ]
  },
  "L3P3ut9dh42bTITD96wEOw": {
    "label_id": "L3P3ut9dh42bTITD96wEOw",
    "size": [
      2.8631838675043166,
      14.094796505769377,
      4.589999999999998
    ],
    "obj_class": "vehicle",
    "point_num_in_lidar": 302,
    "speed": 7.105427357601002e-14,
    "if_vehicle": true,
    "motion_state": false,
    "pose": [
      [
        0.8587439641361646,
        -0.5123268223407791,
        0.008946014190980562,
        -33.08579734009436
      ],
      [
        0.5122945009916142,
        0.8587904813982647,
        0.005766568606155179,
        7.838177615712539
      ],
      [
        -0.010637119603469483,
        -0.00036901210848057,
        0.99994335615404,
        2.0508665026724877
      ],
      [
        0.0,
        0.0,
        0.0,
        1.0
      ]
    ],
    "location": [
      -33.08579734009436,
      7.838177615712539,
      2.0508665026724877
    ],
    "rotation": [
      -0.00036903299517735495,
      0.010637320209041031,
      0.5378881402884117
    ]
  }
}