{
  "uPG2HACjwDhEznwpkcJ-SA": {
    "label_id": "uPG2HACjwDhEznwpkcJ-SA",
    "size": [
      0.9429254809122641,
      0.0922711965520758,
      0.6399999999999864
    ],
    "obj_class": "sign",
    "point_num_in_lidar": 41,
    "speed": 0.09272978246601897,
    "if_vehicle": false,
    "motion_state": false,
    "pose": [
      [
        0.9948421774644235,
        -0.10143491206421665,
        2.3502531811715223e-05,
        -143.54564994855536
      ],
      [
        0.10128472618790368,
        0.9933565436772446,
        -0.05462766125911134,
        24.234853927162476
      ],
      [
        0.005517805622323622,
        0.05434828192430252,
        0.9985067942047219,
        3.0956420273480774
      ],
      [
        0.0,
        0.0,
        0.0,
        1.0
      ]
    ],
    "location": [
      -143.54564994855536,
      24.234853927162476,
      3.0956420273480774
    ],
    "rotation": [
      0.054375901218785196,
      -0.005517833622056748,
      0.10146025358405678
    ]
  },
  "xf3Hk5yc_-qRwq793N2Kvw": {
    "label_id": "xf3Hk5yc_-qRwq793N2Kvw",
    "size": [
      0.8375734288811504,
      0.0972328046265952,
      0.4000000000000057
    ],
    "obj_class": "sign",
    "point_num_in_lidar": 28,
    "speed": 0.09777573352996166,
    "if_vehicle": false,
    "motion_state": false,
    "pose": [
      [
        0.9948421774669828,
        -0.10143491203911584,
        2.3502531811715223e-05,
        -143.54835946135245
      ],
      [
        0.10128472616284037,
        0.9933565436798,
        -0.05462766125911134,
        24.249941649373795
      ],
      [
        0.005517805620952365,
        0.05434828192444174,
        0.9985067942047219,
        3.665642027347957
      ],
      [
        0.0,
        0.0,
        0.0,
        1.0
      ]
    ],
    "location": [
      -143.54835946135245,
      24.249941649373795,
      3.665642027347957
    ],
    "rotation": [
      0.0543759012189242,
      -0.00551783362068547,
      0.10146025355886275
    ]
  },
  "BGTIFancXgcYqs_LFRaPaA": {
    "label_id": "BGTIFancXgcYqs_LFRaPaA",
    "size": [
      1.3595662085829572,
      0.1769121714722368,
      1.3300000000000125
    ],
    "obj_class": "sign",
    "point_num_in_lidar": 25,
    "speed": 0.07227679909748083,
    "if_vehicle": false,
    "motion_state": false,
    "pose": [
      [
        0.9991067578288336,
        0.04224782860344625,
        0.0008985761237329151,
        -80.9581296867691
      ],
      [
        -0.042135147925082134,
        0.9976076608346686,
        -0.05480496650224573,
        11.699755758265383
      ],
      [
        -0.0032118172562835678,
        0.05471815075708113,
        0.9984966741094522,
        3.851875891061411
      ],
      [
        0.0,
        0.0,
        0.0,
        1.0
      ]
    ],
    "location": [
      -80.9581296867691,
      11.699755758265383,
      3.851875891061411
    ],
    "rotation": [
      0.05474577531791671,
      0.0032118227783705985,
      -0.04214784300373881
    ]
  },
  "IsF_2wEbilIooKWYzMpCqw": {
    "label_id": "IsF_2wEbilIooKWYzMpCqw",
    "size": [
      1.840011315638693,
      4.54972215173972,
      1.710000000000008
    ],
    "obj_class": "vehicle",
    "point_num_in_lidar": 24,
    "speed": 0.12564776914517956,
    "if_vehicle": true,
    "motion_state": false,
    "pose": [
      [
        0.9456895121607447,
        0.3250712138872233,
        0.00022910927494516382,
        1.7406856891302596
      ],
      [
        -0.32463256053868395,
        0.9444495283422333,
        -0.05127171785917266,
        -35.71542247044454
      ],
      [
        -0.016883341709225275,
        0.04841274951931572,
        0.9986847142400396,
        1.1801791813572606
      ],
      [
        0.0,
        0.0,
        0.0,
        1.0
      ]
    ],
    "location": [
      1.7406856891302596,
      -35.71542247044454,
      1.1801791813572606
    ],
    "rotation": [
      0.048438590619881004,
      0.016884143903751578,
      -0.33067215077059275
    ]
  },
  "3IfcWHTK_NR40cByuNwT3Q": {
    "label_id": "3IfcWHTK_NR40cByuNwT3Q",
    "size": [
      1.962186674775968,
      4.641781934762327,
      1.8199999999999932
    ],
    "obj_class": "vehicle",
    "point_num_in_lidar": 81,
    "speed": 5.072485990436482e-27,
    "if_vehicle": true,
    "motion_state": false,
    "pose": [
      [
        0.9388835885221024,
        0.3442339439731513,
        0.0007739641779914265,
        -8.113765834368678
      ],
      [
        -0.34377024094121006,
        0.9377308890087681,
        -0.04982771560133723,
        -66.87826978868725
      ],
      [
        -0.01787816117730968,
        0.046516358579694266,
        0.9987575280003668,
        1.0975650116644147
      ],
      [
        0.0,
        0.0,
        0.0,
        1.0
      ]
    ],
    "location": [
      -8.113765834368678,
      -66.87826978868725,
      1.0975650116644147
    ],
    "rotation": [
      0.04654059388600653,
      0.017879113709733104,
      -0.3509874178455619
    ]
  },
  "fTMpIFEPnvmYYjp4JEKt1g": {
    "label_id": "fTMpIFEPnvmYYjp4JEKt1g",
    "size": [
      2.200777325643325,
      4.595161644641209,
      1.8899999999999864
    ],
    "obj_class": "vehicle",
    "point_num_in_lidar": 81,
    "speed": 0.07734729993498973,
    "if_vehicle": true,
    "motion_state": false,
    "pose": [
      [
        -0.22909704642560239,
        0.9734035642199305,
        0.00021090993617373164,
        -22.695739737710028
      ],
      [
        -0.9720968904572405,
        -0.22877827812994087,
        -0.051847227691200516,
        -63.93700262645507
      ],
      [
        -0.05042002461749853,
        -0.01208307162253076,
        0.9986550057440936,
        0.9173017728236914
      ],
      [
        0.0,
        0.0,
        0.0,
        1.0
      ]
    ],
    "location": [
      -22.695739737710028,
      -63.93700262645507,
      0.9173017728236914
    ],
    "rotation": [
      -0.012098754799677912,
      0.050441411880127206,
      -1.8022460247473004
    ]
  },
  "00MYYH9HeR9tzyVTFlFN3Q": {
    "label_id": "00MYYH9HeR9tzyVTFlFN3Q",
    "size": [
      1.5420104300973667,
      4.172774226999229,
      1.759999999999991
    ],
    "obj_class": "vehicle",
    "point_num_in_lidar": 23,
    "speed": 0.0,
    "if_vehicle": true,
    "motion_state": false,
    "pose": [
      [
        -0.9950680716747226,
        -0.098648709576411,
        0.010390612708505612,
        151.46693842973218
      ],
      [
        0.0980849575677228,
        -0.9941484387829962,
        -0.04525729514972228,
        -46.7679679250723
      ],
      [
        0.014794385167598482,
        -0.04401492660723151,
        0.998921324431145,
        0.8343512810912728
      ],
      [
        0.0,
        0.0,
        0.0,
        1.0
      ]
    ],
    "location": [
      151.46693842973218,
      -46.7679679250723,
      0.8343512810912728
    ],
    "rotation": [
      -0.044033973121086346,
      -0.014794924904724109,
      3.043338949657436
    ]
  }
}