{
  "06oJx2woe2nwYEI99EbVPQ": {
    "label_id": "06oJx2woe2nwYEI99EbVPQ",
    "size": [
      1.0307719042655272,
      0.13789226180202263,
      1.1199999999999974
    ],
    "obj_class": "sign",
    "point_num_in_lidar": 31,
    "speed": 0.0865445093740785,
    "if_vehicle": false,
    "motion_state": false,
    "pose": [
      [
        -0.9928556625463689,
        0.015379404666112657,
        -0.1183262746042774,
        -64.07922178193839
      ],
      [
        -0.012547721478767686,
        -0.9996176626041531,
        -0.02463906036156365,
        3.976026990761966
      ],
      [
        -0.1186599681244782,
        -0.022978305462445597,
        0.9926690331841587,
        -3.766032631002574
      ],
      [
        0.0,
        0.0,
        0.0,
        1.0
      ]
    ],
    "location": [
      -64.07922178193839,
      3.976026990761966,
      -3.766032631002574
    ],
    "rotation": [
      -0.023143869565834387,
      0.11894020650577193,
      -3.128955314671193
    ]
  },
  "3-uaYH0Lr8WR5oJSmpvV_Q": {
    "label_id": "3-uaYH0Lr8WR5oJSmpvV_Q",
    "size": [
      2.1740153628226793,
      4.67332422140013,
      1.7299999999999969
    ],
    "obj_class": "vehicle",
    "point_num_in_lidar": 20,
    "speed": 1.1260298880017002e-27,
    "if_vehicle": true,
    "motion_state": false,
    "pose": [
      [
        0.9920375560037734,
        -0.04313212510801333,
        -0.1183262746042774,
        -126.47425014331854
      ],
      [
        0.04049060409199438,
        0.9988760822468243,
        -0.02463906036156365,
        26.526286691172118
      ],
      [
        0.11925602063764136,
        0.019651770884632647,
        0.9926690331841587,
        -10.605255423322767
      ],
      [
        0.0,
        0.0,
        0.0,
        1.0
      ]
    ],
    "location": [
      -126.47425014331854,
      26.526286691172118,
      -10.605255423322767
    ],
    "rotation": [
      0.019794315669808733,
      -0.11954052169369199,
      0.04079295354150033
    ]
  },
  "Evj1aPfw1GR5aQW7sIxNKA": {
    "label_id": "Evj1aPfw1GR5aQW7sIxNKA",
    "size": [
      1.9552186156156484,
      3.753839003725381,
      1.2999999999999972
    ],
    "obj_class": "vehicle",
    "point_num_in_lidar": 22,
    "speed": 5.067136851525712e-28,
    "if_vehicle": true,
    "motion_state": false,
    "pose": [
      [
        0.4345346784139048,
        0.8925464972979542,
        -0.12058342927980269,
        -67.27687291415491
      ],
      [
        -0.9002597633298751,
        0.4343999893351661,
        -0.028792495460532284,
        -37.33300716980466
      ],
      [
        0.026682799421378713,
        0.12106774726061612,
        0.9922855580871255,
        -5.572312007222358
      ],
      [
        0.0,
        0.0,
        0.0,
        1.0
      ]
    ],
    "location": [
      -67.27687291415491,
      -37.33300716980466,
      -5.572312007222358
    ],
    "rotation": [
      0.12140891269249039,
      -0.026685966669618436,
      -1.121102912705466
    ]
  },
  "jhe62MV9QCryKDTJGdQgmw": {
    "label_id": "jhe62MV9QCryKDTJGdQgmw",
    "size": [
      2.2538936923693527,
      5.0056265374385305,
      1.7299999999999969
    ],
    "obj_class": "vehicle",
    "point_num_in_lidar": 76,
    "speed": 2.534805217843239e-28,
    "if_vehicle": true,
    "motion_state": false,
    "pose": [
      [
        -0.012416906461049194,
        -0.9910240161525321,
        -0.1331060473563965,
        -41.28633880810955
      ],
      [
        0.9996821855692476,
        -0.015224189153099485,
        0.02009357907697925,
        -42.666702086264195
      ],
      [
        -0.021939651078121663,
        -0.1328142442418597,
        0.9908980917516361,
        -2.850517229394889
      ],
      [
        0.0,
        0.0,
        0.0,
        1.0
      ]
    ],
    "location": [
      -41.28633880810955,
      -42.666702086264195,
      -2.850517229394889
    ],
    "rotation": [
      -0.13324010455618235,
      0.021941411561733785,
      1.5832165420884678
    ]
  },
  "nryABGfB5UUIN0cX13flUg": {
    "label_id": "nryABGfB5UUIN0cX13flUg",
    "size": [
      1.9801360886642798,
      4.19189121530486,
      1.6000000000000014
    ],
    "obj_class": "vehicle",
    "point_num_in_lidar": 30,
    "speed": 2.4947602524188807e-28,
    "if_vehicle": true,
    "motion_state": false,
    "pose": [
      [
        -0.3345772489202939,
        -0.941478383180308,
        -0.04094531119824165,
        89.57770776087548
      ],
      [
        0.9423682843600066,
        -0.334274402263391,
        -0.014235189630992929,
        -34.88896999284316
      ],
      [
        -0.00028484610822845056,
        -0.04334833325106987,
        0.9990599786134209,
        6.228195984100715
      ],
      [
        0.0,
        0.0,
        0.0,
        1.0
      ]
    ],
    "location": [
      89.57770776087548,
      -34.88896999284316,
      6.228195984100715
    ],
    "rotation": [
      -0.043361922320199114,
      0.00028484611208039163,
      1.9119529306219887
    ]
  }
}